序号,代码,名称,市场代码简称,最新价(元) 2026.05.08,涨跌幅(%) 2026.05.08,股票简称,*ST股票,归属母公司股东的净利润最新同比增长率 截至2026.03.31最新,收盘价(日线不复权)(元) 2026.05.08,总市值(元) 2026.05.08,归属母公司股东的净利润(元) 2026.03.31,归属母公司股东的净利润(元) 2025.12.31,归属母公司股东的净利润(元) 2025.09.30,归属母公司股东的净利润(元) 2025.06.30,归属母公司股东的净利润(元) 2025.03.31,净利润(元) 2026.03.31,净利润(元) 2025.12.31,净利润(元) 2025.09.30,净利润(元) 2025.06.30,净利润(元) 2025.03.31,涨跌额(元) 2026.05.08,最高价(元) 2026.05.08,最低价(元) 2026.05.08,换手率(%) 2026.05.08,量比 2026.05.08,成交量(股) 2026.05.08,成交额(元) 2026.05.08,市盈率(动)(倍) 2026.05.08,市净率(倍) 2026.05.08,流通市值(元) 2026.05.08
1,600187,*ST国中,SH,1.58,-4.82,*ST国中,是,1811.68|2026一季报,1.58,25.50亿,1751.17万|2026一季报,-2.15亿|2025年报,-1614.02万|2025三季报,-1831.76万|2025半年报,-102.31万|2025一季报,1588.60万|2026一季报,-2.09亿|2025年报,-2089.57万|2025三季报,-2208.93万|2025半年报,-292.24万|2025一季报,-0.080,1.58,1.58,0.45,0.21,733.41万,1158.79万,36.40,0.8572,25.50亿
2,600753,*ST海钦,SH,13.70,-0.07,*ST海钦,是,1561.78|2026一季报,13.70,31.55亿,2237.55万|2026一季报,3631.06万|2025年报,2575.80万|2025三季报,752.27万|2025半年报,-153.07万|2025一季报,2077.60万|2026一季报,4216.51万|2025年报,2575.78万|2025三季报,752.26万|2025半年报,-153.08万|2025一季报,-0.010,14.03,13.51,1.81,0.79,417.05万,5730.73万,35.25,35.9174,31.55亿
3,002200,*ST交投,SZ,7.89,3.82,*ST交投,是,1402.55|2026一季报,7.89,35.59亿,1435.38万|2026一季报,-2487.32万|2025年报,-6903.60万|2025三季报,-6071.10万|2025半年报,-110.20万|2025一季报,1391.56万|2026一季报,-3652.69万|2025年报,-7550.56万|2025三季报,-6455.10万|2025半年报,-322.60万|2025一季报,0.290,7.97,7.58,2.13,2.74,416.17万,3245.64万,61.99,2.7368,15.44亿
4,000504,*ST生物,SZ,9.46,1.61,*ST生物,是,600.34|2026一季报,9.46,31.22亿,1110.07万|2026一季报,2882.87万|2025年报,523.23万|2025三季报,-348.44万|2025半年报,-221.86万|2025一季报,1107.58万|2026一季报,1805.23万|2025年报,-314.96万|2025三季报,-1406.29万|2025半年报,-652.21万|2025一季报,0.150,9.59,9.16,2.84,1.50,934.85万,8710.22万,70.31,11.2769,31.13亿
5,000010,*ST美丽,SZ,2.48,-4.98,*ST美丽,是,567.13|2026一季报,2.48,28.51亿,2707.12万|2026一季报,-3456.44万|2025年报,-3190.39万|2025三季报,-4864.48万|2025半年报,-579.53万|2025一季报,3205.50万|2026一季报,-2287.41万|2025年报,-3051.87万|2025三季报,-5830.87万|2025半年报,-413.78万|2025一季报,-0.130,2.48,2.48,0.25,0.14,217.26万,538.80万,26.33,9.6871,21.53亿
6,002058,*ST威尔,SZ,26.48,0.80,*ST威尔,是,233.18|2026一季报,26.48,37.99亿,751.18万|2026一季报,2.02亿|2025年报,1.95亿|2025三季报,1.77亿|2025半年报,-564.03万|2025一季报,1737.59万|2026一季报,2.48亿|2025年报,2.32亿|2025三季报,1.78亿|2025半年报,-552.07万|2025一季报,0.210,27.12,26.20,2.10,0.76,301.04万,8033.38万,126.42,59.9576,37.90亿
7,600080,ST金花,SH,6.54,-4.94,ST金花,否,221.56|2026一季报,6.54,24.41亿,390.79万|2026一季报,1557.67万|2025年报,3448.12万|2025三季报,619.50万|2025半年报,121.53万|2025一季报,390.17万|2026一季报,1533.17万|2025年报,3423.74万|2025三季报,618.32万|2025半年报,121.35万|2025一季报,-0.340,6.54,6.54,0.93,0.81,345.30万,2258.26万,156.17,1.5321,24.41亿
8,603729,ST龙韵,SH,14.29,-3.25,ST龙韵,否,185.58|2026一季报,14.29,13.17亿,240.68万|2026一季报,-1.08亿|2025年报,-6505.67万|2025三季报,-372.98万|2025半年报,-281.23万|2025一季报,227.37万|2026一季报,-1.08亿|2025年报,-6547.30万|2025三季报,-400.12万|2025半年报,-293.91万|2025一季报,-0.480,14.36,14.03,29.02,20.98,2674.52万,3.76亿,136.80,4.7666,13.17亿
9,300313,*ST天山,SZ,8.99,0.78,*ST天山,是,183.91|2026一季报,8.99,21.56亿,416.15万|2026一季报,-2718.58万|2025年报,-1169.92万|2025三季报,-779.66万|2025半年报,-495.92万|2025一季报,484.37万|2026一季报,-2618.90万|2025年报,-1096.40万|2025三季报,-753.21万|2025半年报,-477.85万|2025一季报,0.070,9.19,8.90,2.28,0.97,450.18万,4071.77万,129.50,58.6719,17.74亿
10,603559,ST通脉,SH,8.33,-0.36,ST通脉,否,183.03|2026一季报,8.33,33.43亿,673.91万|2026一季报,-1.64亿|2025年报,-6492.59万|2025三季报,-4269.46万|2025半年报,-811.66万|2025一季报,668.82万|2026一季报,-1.64亿|2025年报,-6549.23万|2025三季报,-4303.59万|2025半年报,-815.19万|2025一季报,-0.030,8.55,8.23,2.19,1.03,879.06万,7338.02万,124.00,4.2699,33.43亿
11,002211,ST宏达,SZ,3.79,4.99,ST宏达,否,158.48|2026一季报,3.79,16.39亿,191.76万|2026一季报,-1477.93万|2025年报,-1065.38万|2025三季报,-929.72万|2025半年报,-327.94万|2025一季报,191.76万|2026一季报,-1477.93万|2025年报,-1065.38万|2025三季报,-929.72万|2025半年报,-327.94万|2025一季报,0.180,3.79,3.60,2.64,1.00,1143.01万,4263.70万,213.69,33.9541,16.39亿
12,300225,*ST金泰,SZ,6.51,2.04,*ST金泰,是,155.34|2026一季报,6.51,30.95亿,1438.33万|2026一季报,1692.02万|2025年报,1760.32万|2025三季报,870.85万|2025半年报,563.31万|2025一季报,1312.57万|2026一季报,1408.83万|2025年报,1525.08万|2025三季报,729.11万|2025半年报,495.02万|2025一季报,0.130,6.55,6.27,3.64,0.77,1717.72万,1.10亿,53.80,3.5301,30.73亿
13,600107,*ST尔雅,SH,6.80,2.56,*ST尔雅,是,145.20|2026一季报,6.80,24.48亿,373.68万|2026一季报,-8909.26万|2025年报,-3568.23万|2025三季报,-2185.87万|2025半年报,-826.67万|2025一季报,323.52万|2026一季报,-9342.51万|2025年报,-3702.39万|2025三季报,-2290.94万|2025半年报,-822.74万|2025一季报,0.170,6.96,6.51,5.77,3.99,2076.95万,1.41亿,163.78,6.0382,24.48亿
14,603922,ST金鸿顺,SH,17.06,-5.01,ST金鸿顺,否,145.14|2026一季报,17.06,30.57亿,874.76万|2026一季报,-1.02亿|2025年报,1570.79万|2025三季报,810.94万|2025半年报,356.84万|2025一季报,874.76万|2026一季报,-1.02亿|2025年报,1570.79万|2025三季报,810.94万|2025半年报,356.84万|2025一季报,-0.900,17.06,17.06,0.71,0.28,126.34万,2155.36万,87.37,3.2858,30.57亿
15,000691,*ST亚太,SZ,8.02,1.01,*ST亚太,是,139.74|2026一季报,8.02,38.89亿,359.69万|2026一季报,-3580.31万|2025年报,-3813.48万|2025三季报,-2372.21万|2025半年报,-905.11万|2025一季报,946.43万|2026一季报,-3361.44万|2025年报,-4178.28万|2025三季报,-2438.93万|2025半年报,-1304.46万|2025一季报,0.080,8.09,7.84,1.80,0.96,582.30万,4648.00万,270.30,8.5511,25.93亿
16,002848,*ST高斯,SZ,15.59,2.90,*ST高斯,是,139.23|2026一季报,15.59,26.06亿,580.66万|2026一季报,-7960.43万|2025年报,-4202.44万|2025三季报,-3091.02万|2025半年报,-1480.06万|2025一季报,590.81万|2026一季报,-8070.74万|2025年报,-4206.18万|2025三季报,-3088.40万|2025半年报,-1487.70万|2025一季报,0.440,15.66,15.05,2.45,0.96,404.67万,6213.66万,112.19,31.1903,25.71亿
17,688184,ST帕瓦,SH,14.31,6.32,ST帕瓦,否,136.00|2026一季报,14.31,22.76亿,2016.54万|2026一季报,-6.98亿|2025年报,-2.04亿|2025三季报,-1.58亿|2025半年报,-5600.87万|2025一季报,2016.54万|2026一季报,-6.98亿|2025年报,-2.04亿|2025三季报,-1.58亿|2025半年报,-5600.87万|2025一季报,0.850,14.92,13.41,5.81,0.82,584.09万,8342.83万,28.22,2.1183,14.38亿
18,002693,*ST双成,SZ,9.58,5.04,*ST双成,是,134.34|2026一季报,9.58,39.73亿,344.82万|2026一季报,1904.32万|2025年报,-252.35万|2025三季报,-1846.66万|2025半年报,-1004.05万|2025一季报,-59.89万|2026一季报,892.01万|2025年报,-726.66万|2025三季报,-2303.36万|2025半年报,-1350.20万|2025一季报,0.460,9.58,9.06,3.88,0.97,1595.06万,1.50亿,288.03,9.5520,39.37亿
19,300295,*ST三六,SZ,12.46,2.72,*ST三六五,是,132.95|2026一季报,12.46,23.63亿,66.91万|2026一季报,-5071.12万|2025年报,-663.36万|2025三季报,-822.65万|2025半年报,-203.09万|2025一季报,-86.53万|2026一季报,-5119.36万|2025年报,-663.22万|2025三季报,-822.54万|2025半年报,-203.02万|2025一季报,0.330,12.61,12.08,4.16,0.55,696.59万,8653.09万,882.70,2.1834,20.88亿
20,003032,*ST传智,SZ,7.12,5.01,*ST传智,是,127.18|2026一季报,7.12,28.65亿,145.79万|2026一季报,-9044.85万|2025年报,-851.32万|2025三季报,-720.30万|2025半年报,-536.32万|2025一季报,161.94万|2026一季报,-1.08亿|2025年报,-752.82万|2025三季报,-699.62万|2025半年报,-543.30万|2025一季报,0.340,7.12,6.74,3.29,1.67,908.43万,6332.64万,491.35,2.4487,19.67亿
21,603595,ST东尼,SH,18.52,1.98,ST东尼,否,118.59|2026一季报,18.52,43.05亿,2379.68万|2026一季报,-6379.36万|2025年报,-1460.51万|2025三季报,-4121.21万|2025半年报,1088.67万|2025一季报,3019.30万|2026一季报,-1.05亿|2025年报,-4654.62万|2025三季报,-6735.30万|2025半年报,745.21万|2025一季报,0.360,18.74,18.02,1.69,0.87,392.32万,7217.52万,45.23,2.8313,43.05亿
22,600238,*ST椰岛,SH,5.30,-0.38,*ST椰岛,是,114.18|2026一季报,5.30,23.75亿,92.22万|2026一季报,-2887.53万|2025年报,-617.42万|2025三季报,-1576.50万|2025半年报,-650.54万|2025一季报,214.67万|2026一季报,-3418.12万|2025年报,-760.58万|2025三季报,-1643.92万|2025半年报,-668.47万|2025一季报,-0.020,5.48,5.27,1.85,0.52,822.25万,4409.20万,643.96,30.4648,23.60亿
23,002762,*ST金比,SZ,8.88,2.30,*ST金比,是,105.45|2026一季报,8.88,31.44亿,11.85万|2026一季报,-1.87亿|2025年报,-7896.91万|2025三季报,-1792.33万|2025半年报,-217.42万|2025一季报,54.17万|2026一季报,-1.89亿|2025年报,-7831.89万|2025三季报,-1639.07万|2025半年报,-259.28万|2025一季报,0.200,8.92,8.68,1.65,0.84,349.55万,3081.58万,6631.82,4.7027,18.77亿
24,000669,ST金鸿,SZ,4.10,1.74,ST金鸿,否,104.22|2026一季报,4.10,27.90亿,67.57万|2026一季报,2736.58万|2025年报,-4623.08万|2025三季报,-3023.24万|2025半年报,-1599.53万|2025一季报,169.79万|2026一季报,1732.95万|2025年报,-6349.57万|2025三季报,-4271.46万|2025半年报,-2471.29万|2025一季报,0.070,4.14,3.97,2.13,0.84,1448.66万,5871.99万,1032.17,45.8799,27.90亿
25,002305,*ST南置,SZ,2.33,2.64,*ST南置,是,103.41|2026一季报,2.33,40.41亿,1579.12万|2026一季报,-18.04亿|2025年报,-13.10亿|2025三季报,-8.98亿|2025半年报,-4.63亿|2025一季报,2103.31万|2026一季报,-19.00亿|2025年报,-14.15亿|2025三季报,-9.79亿|2025半年报,-4.72亿|2025一季报,0.060,2.34,2.27,1.78,1.10,3093.69万,7162.61万,63.97,16.1420,40.40亿
26,000736,*ST中地,SZ,5.68,3.09,*ST中地,是,100.70|2026一季报,5.68,42.44亿,343.49万|2026一季报,-17.10亿|2025年报,-16.60亿|2025三季报,-11.80亿|2025半年报,-4.93亿|2025一季报,510.27万|2026一季报,-19.53亿|2025年报,-19.01亿|2025三季报,-13.99亿|2025半年报,-6.38亿|2025一季报,0.170,5.69,5.48,1.28,1.39,957.86万,5353.46万,308.86,3.5018,42.44亿
27,300268,*ST佳沃,SZ,14.43,3.44,*ST佳沃,是,95.67|2026一季报,14.43,25.14亿,-783.83万|2026一季报,-4.27亿|2025年报,-4.23亿|2025三季报,-4.19亿|2025半年报,-1.81亿|2025一季报,-1261.60万|2026一季报,-4.80亿|2025年报,-4.74亿|2025三季报,-4.72亿|2025半年报,-2.01亿|2025一季报,0.480,14.45,13.92,1.14,1.15,152.11万,2157.79万,-80.17,-2.4339,19.29亿
28,600265,*ST景谷,SH,23.29,0.82,*ST景谷,是,93.55|2026一季报,23.29,30.23亿,-104.85万|2026一季报,-2.46亿|2025年报,-2.13亿|2025三季报,-1.24亿|2025半年报,-1624.39万|2025一季报,131.17万|2026一季报,-3.90亿|2025年报,-3.42亿|2025三季报,-2.02亿|2025半年报,-2739.30万|2025一季报,0.190,23.89,22.83,1.58,1.03,205.70万,4800.97万,-720.80,14.2789,30.23亿
29,002109,ST兴化,SZ,3.47,-4.93,ST兴化,否,92.77|2026一季报,3.47,44.29亿,-690.40万|2026一季报,-5.17亿|2025年报,-3.55亿|2025三季报,-1.95亿|2025半年报,-9551.40万|2025一季报,172.17万|2026一季报,-7.04亿|2025年报,-5.25亿|2025三季报,-3.11亿|2025半年报,-1.29亿|2025一季报,-0.180,3.47,3.47,0.15,0.10,190.88万,662.35万,-160.37,1.1298,44.29亿
30,002932,*ST明德,SZ,17.17,1.60,*ST明德,是,89.70|2026一季报,17.17,39.92亿,-37.74万|2026一季报,-1646.07万|2025年报,1351.55万|2025三季报,1249.73万|2025半年报,-366.30万|2025一季报,175.98万|2026一季报,-7506.21万|2025年报,-1244.61万|2025三季报,662.58万|2025半年报,-340.52万|2025一季报,0.270,17.17,16.78,1.90,0.60,295.87万,5035.12万,-2644.65,0.7223,26.80亿
31,002856,*ST美芝,SZ,14.08,2.40,*ST美芝,是,88.30|2026一季报,14.08,19.05亿,-248.61万|2026一季报,-2.14亿|2025年报,-4425.83万|2025三季报,-3476.17万|2025半年报,-2124.03万|2025一季报,-158.62万|2026一季报,-2.28亿|2025年报,-5313.54万|2025三季报,-4593.66万|2025半年报,-3043.47万|2025一季报,0.330,14.44,13.91,13.26,1.23,1643.21万,2.35亿,-191.58,-37.4377,17.45亿
32,002883,*ST中设,SZ,9.54,4.26,*ST中设,是,88.02|2026一季报,9.54,14.90亿,102.25万|2026一季报,-2742.10万|2025年报,-2914.71万|2025三季报,-1311.52万|2025半年报,54.38万|2025一季报,105.13万|2026一季报,-2233.59万|2025年报,-2914.71万|2025三季报,-1311.52万|2025半年报,54.38万|2025一季报,0.390,9.61,9.18,7.75,1.01,1188.69万,1.12亿,364.25,3.1808,14.63亿
33,002199,*ST东晶,SZ,12.02,4.98,*ST东晶,是,87.80|2026一季报,12.02,29.26亿,-179.60万|2026一季报,-5002.11万|2025年报,-3913.29万|2025三季报,-3132.77万|2025半年报,-1472.33万|2025一季报,-179.60万|2026一季报,-5002.11万|2025年报,-3913.29万|2025三季报,-3132.77万|2025半年报,-1472.33万|2025一季报,0.570,12.02,11.44,3.46,0.82,798.76万,9459.53万,-407.31,16.1567,27.76亿
34,300237,ST美晨,SZ,2.31,0.43,ST美晨,否,79.33|2026一季报,2.31,33.31亿,-1000.08万|2026一季报,-4.02亿|2025年报,-1.86亿|2025三季报,-9136.87万|2025半年报,-4839.23万|2025一季报,-1288.74万|2026一季报,-4.19亿|2025年报,-1.98亿|2025三季报,-9924.15万|2025半年报,-5206.73万|2025一季报,0.010,2.32,2.28,1.79,1.45,2575.22万,5911.30万,-83.26,74.6024,33.31亿
35,003004,*ST声迅,SZ,38.33,5.01,*ST声迅,是,76.07|2026一季报,38.33,31.38亿,-337.01万|2026一季报,-1162.04万|2025年报,-379.52万|2025三季报,-1023.92万|2025半年报,-1408.17万|2025一季报,-489.59万|2026一季报,-485.07万|2025年报,-314.16万|2025三季报,-1021.43万|2025半年报,-1421.50万|2025一季报,1.830,38.33,38.33,0.17,0.18,11.59万,444.24万,-232.77,4.9714,26.35亿
36,600423,*ST柳化,SH,3.22,1.90,*ST柳化,是,70.37|2026一季报,3.22,25.72亿,371.69万|2026一季报,-2571.25万|2025年报,700.57万|2025三季报,344.28万|2025半年报,218.16万|2025一季报,371.69万|2026一季报,-2571.25万|2025年报,700.57万|2025三季报,344.28万|2025半年报,218.16万|2025一季报,0.060,3.25,3.13,1.52,0.36,1212.83万,3890.43万,172.98,4.8488,25.72亿
37,000056,*ST皇庭,SZ,1.69,-0.59,*ST皇庭,是,60.61|2026一季报,1.69,19.98亿,-3231.10万|2026一季报,-27.30亿|2025年报,-24.44亿|2025三季报,-1.85亿|2025半年报,-8203.01万|2025一季报,-1991.06万|2026一季报,-27.41亿|2025年报,-24.50亿|2025三季报,-2.01亿|2025半年报,-8953.99万|2025一季报,-0.010,1.75,1.62,8.07,0.65,7296.73万,1.22亿,-15.46,-0.8308,15.27亿
38,300212,*ST易录,SZ,6.22,2.47,*ST易录,是,60.00|2026一季报,6.22,44.78亿,-4807.22万|2026一季报,-27.17亿|2025年报,-5.35亿|2025三季报,-3.17亿|2025半年报,-1.20亿|2025一季报,-4779.83万|2026一季报,-27.36亿|2025年报,-5.37亿|2025三季报,-3.18亿|2025半年报,-1.23亿|2025一季报,0.150,6.47,6.03,6.65,0.91,4647.10万,2.92亿,-23.29,-2.2381,43.45亿
39,600119,*ST长投,SH,6.44,4.38,*ST长投,是,58.23|2026一季报,6.44,23.52亿,-270.93万|2026一季报,-4595.15万|2025年报,-1458.97万|2025三季报,-960.47万|2025半年报,-648.57万|2025一季报,-124.05万|2026一季报,-4069.95万|2025年报,-974.15万|2025三季报,-527.92万|2025半年报,-448.17万|2025一季报,0.270,6.44,6.13,2.53,0.52,925.88万,5847.90万,-217.06,31.6917,23.52亿
40,603825,ST华扬,SH,8.74,2.46,ST华扬,否,57.18|2026一季报,8.74,22.14亿,-2383.07万|2026一季报,-6.53亿|2025年报,-2.67亿|2025三季报,-2.09亿|2025半年报,-5564.94万|2025一季报,-2092.88万|2026一季报,-6.53亿|2025年报,-2.68亿|2025三季报,-2.11亿|2025半年报,-5881.76万|2025一季报,0.210,8.76,8.53,0.90,0.88,226.81万,1971.14万,-23.23,71.0883,22.14亿
41,002514,*ST宝馨,SZ,2.92,-4.89,*ST宝馨,是,47.08|2026一季报,2.92,21.03亿,-1255.16万|2026一季报,-2.14亿|2025年报,-5445.58万|2025三季报,-4482.68万|2025半年报,-2371.62万|2025一季报,-1255.16万|2026一季报,-2.14亿|2025年报,-5445.58万|2025三季报,-4482.68万|2025半年报,-2371.62万|2025一季报,-0.150,2.92,2.92,2.57,1.62,1425.57万,4162.66万,-41.88,-39.8234,16.18亿
42,000820,*ST节能,SZ,3.82,0.53,*ST节能,是,45.37|2026一季报,3.82,24.70亿,-100.15万|2026一季报,-6403.04万|2025年报,-879.80万|2025三季报,-702.15万|2025半年报,-183.31万|2025一季报,13.10万|2026一季报,-1.24亿|2025年报,-1378.99万|2025三季报,-1204.26万|2025半年报,-326.20万|2025一季报,0.020,3.96,3.81,5.07,0.93,1507.06万,5841.52万,-616.56,28.7169,11.34亿
43,300460,ST惠伦,SZ,10.11,2.43,ST惠伦,否,43.64|2026一季报,10.11,28.39亿,-835.84万|2026一季报,-1.66亿|2025年报,-7611.94万|2025三季报,-6658.32万|2025半年报,-1483.05万|2025一季报,-835.84万|2026一季报,-1.66亿|2025年报,-7611.94万|2025三季报,-6658.32万|2025半年报,-1480.99万|2025一季报,0.240,10.15,9.88,3.43,1.47,963.34万,9649.41万,-84.91,6.1778,28.39亿
44,300044,*ST赛为,SZ,6.52,5.16,*ST赛为,是,41.87|2026一季报,6.52,49.80亿,-1072.38万|2026一季报,-12.64亿|2025年报,-5368.76万|2025三季报,-2585.98万|2025半年报,-1844.94万|2025一季报,-1109.81万|2026一季报,-12.67亿|2025年报,-5534.28万|2025三季报,-2668.03万|2025半年报,-1866.86万|2025一季报,0.320,6.73,6.11,5.11,1.29,3657.59万,2.34亿,-116.11,-4.3489,46.64亿
45,600734,*ST实达,SH,2.12,4.95,*ST实达,是,39.13|2026一季报,2.12,46.18亿,-1195.21万|2026一季报,-1.46亿|2025年报,-8757.10万|2025三季报,-5550.87万|2025半年报,-1963.46万|2025一季报,-1243.68万|2026一季报,-1.48亿|2025年报,-8896.02万|2025三季报,-5626.64万|2025半年报,-1990.45万|2025一季报,0.100,2.12,2.04,2.99,0.40,6502.14万,1.36亿,-96.59,20.1493,46.17亿
46,300152,*ST动力,SZ,1.95,0.00,*ST动力,是,38.46|2026一季报,1.95,13.90亿,-338.91万|2026一季报,-3424.86万|2025年报,-723.20万|2025三季报,-728.61万|2025半年报,-550.70万|2025一季报,-338.93万|2026一季报,-3425.13万|2025年报,-723.44万|2025三季报,-728.82万|2025半年报,-550.75万|2025一季报,0.000,1.97,1.91,3.19,0.56,2270.98万,4413.93万,-102.53,6.5773,13.90亿
47,600239,ST云城,SH,1.68,-3.45,ST云城,否,36.94|2026一季报,1.68,26.98亿,-2309.76万|2026一季报,-2.85亿|2025年报,-3522.18万|2025三季报,-3772.05万|2025半年报,-3662.74万|2025一季报,-2242.19万|2026一季报,-3.45亿|2025年报,-5294.12万|2025三季报,-4099.50万|2025半年报,-4025.45万|2025一季报,-0.060,1.71,1.65,8.54,11.13,1.37亿,2.27亿,-29.20,2.6716,26.98亿
48,000909,*ST数源,SZ,4.69,4.92,*ST数源,是,35.64|2026一季报,4.69,20.53亿,-677.32万|2026一季报,-4.37亿|2025年报,-6746.13万|2025三季报,-4804.68万|2025半年报,-1052.33万|2025一季报,-615.76万|2026一季报,-4.36亿|2025年报,-6419.29万|2025三季报,-4594.71万|2025半年报,-921.46万|2025一季报,0.220,4.69,4.43,4.19,0.83,1832.29万,8488.55万,-75.77,3.3509,20.53亿
49,688053,ST思科瑞,SH,43.37,2.89,ST思科瑞,否,34.52|2026一季报,43.37,43.37亿,-347.15万|2026一季报,-2078.15万|2025年报,81.38万|2025三季报,358.42万|2025半年报,-530.19万|2025一季报,-461.72万|2026一季报,-2606.44万|2025年报,-301.22万|2025三季报,106.07万|2025半年报,-612.19万|2025一季报,1.220,43.98,41.70,1.72,1.36,171.98万,7364.37万,-312.32,2.7384,43.37亿
50,300311,ST任子行,SZ,5.59,2.38,ST任子行,否,32.06|2026一季报,5.59,37.66亿,-2535.93万|2026一季报,2303.68万|2025年报,-7698.99万|2025三季报,-6929.01万|2025半年报,-3732.82万|2025一季报,-2644.03万|2026一季报,1397.80万|2025年报,-7927.95万|2025三季报,-7106.18万|2025半年报,-3831.23万|2025一季报,0.130,5.63,5.44,2.55,1.30,1371.97万,7587.63万,-37.12,5.7548,30.04亿
51,000518,*ST四环,SZ,3.10,2.65,*ST四环,是,28.91|2026一季报,3.10,31.92亿,-1131.38万|2026一季报,-3709.23万|2025年报,-1269.74万|2025三季报,-1009.89万|2025半年报,-1591.47万|2025一季报,-1228.28万|2026一季报,-3961.08万|2025年报,-1349.56万|2025三季报,-1039.31万|2025半年报,-1715.79万|2025一季报,0.080,3.11,3.02,1.87,1.92,1929.22万,5928.35万,-70.53,9.8718,31.92亿
52,920575,*ST康乐,BJ,4.51,0.45,*ST康乐,是,27.88|2026一季报,4.51,12.67亿,-5073.12万|2026一季报,-5.79亿|2025年报,-2.29亿|2025三季报,-1.47亿|2025半年报,-7034.55万|2025一季报,-5073.12万|2026一季报,-5.79亿|2025年报,-2.29亿|2025三季报,-1.47亿|2025半年报,-7034.55万|2025一季报,0.020,4.75,4.41,6.20,1.12,1164.80万,5343.17万,-6.24,-17.4917,8.47亿
53,002431,ST棕榈,SZ,1.79,-4.79,ST棕榈,否,21.66|2026一季报,1.79,32.26亿,-1.27亿|2026一季报,-11.91亿|2025年报,-5.15亿|2025三季报,-2.73亿|2025半年报,-1.62亿|2025一季报,-1.27亿|2026一季报,-11.90亿|2025年报,-5.18亿|2025三季报,-2.76亿|2025半年报,-1.64亿|2025一季报,-0.090,1.79,1.79,0.46,2.51,833.89万,1492.66万,-6.37,10.8597,32.26亿
54,002872,ST天圣,SZ,5.59,2.95,ST天圣,否,21.20|2026一季报,5.59,17.78亿,-978.49万|2026一季报,-5542.35万|2025年报,-4533.94万|2025三季报,-3671.23万|2025半年报,-1241.67万|2025一季报,-983.11万|2026一季报,-5601.22万|2025年报,-4576.93万|2025三季报,-3691.39万|2025半年报,-1253.70万|2025一季报,0.160,5.65,5.40,2.10,0.76,451.84万,2501.95万,-45.42,0.9157,12.01亿
55,002542,*ST中岩,SZ,1.88,3.30,*ST中岩,是,18.25|2026一季报,1.88,33.95亿,-4217.51万|2026一季报,-9.51亿|2025年报,-2.96亿|2025三季报,-1.58亿|2025半年报,-5158.88万|2025一季报,-4036.89万|2026一季报,-9.58亿|2025年报,-2.95亿|2025三季报,-1.58亿|2025半年报,-5189.32万|2025一季报,0.060,1.91,1.80,5.95,1.36,1.05亿,1.96亿,-20.13,-21.0012,33.06亿
56,000610,*ST西旅,SZ,7.65,2.82,*ST西旅,是,17.58|2026一季报,7.65,18.11亿,-2663.59万|2026一季报,-2.91亿|2025年报,-8034.09万|2025三季报,-5598.96万|2025半年报,-3231.90万|2025一季报,-2975.22万|2026一季报,-2.93亿|2025年报,-8854.72万|2025三季报,-6164.30万|2025半年报,-3526.43万|2025一季报,0.210,7.76,7.42,5.04,0.74,1187.12万,9066.49万,-17.00,-22.3122,18.02亿
57,300198,*ST纳川,SZ,2.48,-0.40,*ST纳川,是,15.73|2026一季报,2.48,25.58亿,-3625.63万|2026一季报,-2.75亿|2025年报,-1.08亿|2025三季报,-7666.42万|2025半年报,-4302.55万|2025一季报,-3673.52万|2026一季报,-2.64亿|2025年报,-1.11亿|2025三季报,-7821.52万|2025半年报,-4449.72万|2025一季报,-0.010,2.49,2.46,1.39,0.82,1431.55万,3539.38万,-17.64,5.3200,25.45亿
58,300301,ST长方,SZ,3.66,5.78,ST长方,否,13.89|2026一季报,3.66,30.37亿,-2062.83万|2026一季报,-1.50亿|2025年报,-8673.17万|2025三季报,-5415.39万|2025半年报,-2395.59万|2025一季报,-2064.12万|2026一季报,-1.50亿|2025年报,-8679.10万|2025三季报,-5418.78万|2025半年报,-2396.25万|2025一季报,0.200,3.69,3.40,2.79,1.29,2206.57万,7836.25万,-36.81,41.8251,28.91亿
59,000668,*ST荣控,SZ,18.34,4.98,*ST荣控,是,13.14|2026一季报,18.34,26.93亿,-1268.22万|2026一季报,2614.68万|2025年报,-2740.40万|2025三季报,-2501.67万|2025半年报,-1460.00万|2025一季报,-1238.98万|2026一季报,2526.77万|2025年报,-2777.68万|2025三季报,-2523.42万|2025半年报,-1468.37万|2025一季报,0.870,18.34,17.78,0.49,0.29,72.41万,1321.78万,-53.09,3.6040,26.93亿
60,002529,*ST海源,SZ,7.79,0.52,*ST海源,是,12.80|2026一季报,7.79,20.25亿,-2030.61万|2026一季报,-1.86亿|2025年报,-9036.64万|2025三季报,-6574.85万|2025半年报,-2328.68万|2025一季报,-2030.61万|2026一季报,-1.86亿|2025年报,-9036.64万|2025三季报,-6574.85万|2025半年报,-2328.68万|2025一季报,0.040,7.79,7.57,2.09,1.02,544.66万,4162.32万,-24.94,25.4173,20.25亿
61,002227,*ST特迅,SZ,8.75,0.81,*ST特迅,是,12.11|2026一季报,8.75,21.68亿,-1569.81万|2026一季报,-6730.40万|2025年报,-4952.85万|2025三季报,-2896.89万|2025半年报,-1786.05万|2025一季报,-1675.82万|2026一季报,-7035.11万|2025年报,-5181.21万|2025三季报,-3018.67万|2025半年报,-1844.72万|2025一季报,0.070,8.86,8.60,2.88,0.59,707.57万,6175.77万,-34.53,2.3537,21.52亿
62,600581,*ST八钢,SH,2.71,0.37,*ST八钢,是,11.59|2026一季报,2.71,41.54亿,-3.27亿|2026一季报,-18.79亿|2025年报,-5.72亿|2025三季报,-6.97亿|2025半年报,-3.70亿|2025一季报,-3.29亿|2026一季报,-18.80亿|2025年报,-5.71亿|2025三季报,-6.99亿|2025半年报,-3.70亿|2025一季报,0.010,2.74,2.68,1.18,0.60,1814.62万,4917.10万,-3.18,-1.9743,41.54亿
63,300211,*ST亿通,SZ,9.28,2.88,*ST亿通,是,11.13|2026一季报,9.28,28.20亿,-1185.44万|2026一季报,-2978.74万|2025年报,-1865.05万|2025三季报,-1295.44万|2025半年报,-1333.97万|2025一季报,-841.42万|2026一季报,-2691.45万|2025年报,-1533.38万|2025三季报,-1011.12万|2025半年报,-1156.95万|2025一季报,0.260,9.28,8.96,1.74,1.17,520.57万,4777.78万,-59.48,6.4012,27.70亿
64,600543,*ST莫高,SH,4.99,2.04,*ST莫高,是,10.46|2026一季报,4.99,16.02亿,-896.57万|2026一季报,-1.07亿|2025年报,-4987.36万|2025三季报,-3186.45万|2025半年报,-1001.32万|2025一季报,-952.33万|2026一季报,-1.10亿|2025年报,-5081.27万|2025三季报,-3255.55万|2025半年报,-1033.24万|2025一季报,0.100,5.04,4.85,1.77,0.46,567.29万,2812.84万,-44.68,2.3109,16.02亿
65,300366,ST创意,SZ,5.84,0.86,ST创意,否,10.33|2026一季报,5.84,35.48亿,-5327.69万|2026一季报,-6.33亿|2025年报,-1.99亿|2025三季报,-1.12亿|2025半年报,-5941.38万|2025一季报,-6093.42万|2026一季报,-6.57亿|2025年报,-2.28亿|2025三季报,-1.31亿|2025半年报,-6969.29万|2025一季报,0.050,5.88,5.77,1.32,0.58,701.31万,4084.80万,-16.65,3.0839,30.98亿
66,300594,ST朗进,SZ,20.58,8.20,ST朗进,否,9.51|2026一季报,20.58,18.91亿,-1207.23万|2026一季报,-1507.08万|2025年报,-1350.20万|2025三季报,147.64万|2025半年报,-1334.13万|2025一季报,-1234.93万|2026一季报,-1840.36万|2025年报,-1235.14万|2025三季报,255.52万|2025半年报,-1339.37万|2025一季报,1.560,20.93,19.13,6.54,0.61,595.18万,1.20亿,-39.15,2.4758,18.73亿
67,300716,*ST泉为,SZ,15.40,17.83,*ST泉为,是,9.48|2026一季报,15.40,24.64亿,-1509.80万|2026一季报,-2.21亿|2025年报,-5880.85万|2025三季报,-3679.45万|2025半年报,-1667.85万|2025一季报,-2656.46万|2026一季报,-3.80亿|2025年报,-1.12亿|2025三季报,-7164.25万|2025半年报,-3388.11万|2025一季报,2.330,15.60,12.72,8.04,2.16,1285.93万,1.85亿,-40.81,-13.8055,24.64亿
68,000752,*ST西发,SZ,9.21,0.66,*ST西发,是,9.05|2026一季报,9.21,24.29亿,755.92万|2026一季报,1.44亿|2025年报,1.45亿|2025三季报,2598.35万|2025半年报,693.17万|2025一季报,1963.39万|2026一季报,2.66亿|2025年报,2.54亿|2025三季报,5051.52万|2025半年报,1928.59万|2025一季报,0.060,9.46,9.00,2.34,0.80,617.17万,5747.17万,80.34,3.9110,24.29亿
69,002689,ST远智,SZ,3.52,0.00,ST远智,否,8.61|2026一季报,3.52,36.72亿,-3109.28万|2026一季报,1.01亿|2025年报,4182.04万|2025三季报,2132.81万|2025半年报,-3402.12万|2025一季报,-3109.28万|2026一季报,1.01亿|2025年报,4182.04万|2025三季报,2132.81万|2025半年报,-3402.12万|2025一季报,0.000,3.53,3.48,0.90,1.02,938.55万,3291.82万,-29.53,2.9469,36.71亿
70,300076,*ST宁视,SZ,4.83,4.77,*ST宁视,是,7.74|2026一季报,4.83,20.48亿,-888.02万|2026一季报,-8124.90万|2025年报,-3153.00万|2025三季报,-2272.94万|2025半年报,-962.53万|2025一季报,-892.36万|2026一季报,-8248.84万|2025年报,-3213.49万|2025三季报,-2310.43万|2025半年报,-975.25万|2025一季报,0.220,4.93,4.57,5.17,0.72,2193.43万,1.05亿,-57.65,2.4396,20.48亿
71,688066,*ST航图,SH,12.66,5.50,*ST航图,是,5.64|2026一季报,12.66,33.08亿,-1.08亿|2026一季报,-18.60亿|2025年报,-3.66亿|2025三季报,-2.48亿|2025半年报,-1.15亿|2025一季报,-1.09亿|2026一季报,-18.64亿|2025年报,-3.68亿|2025三季报,-2.49亿|2025半年报,-1.15亿|2025一季报,0.660,12.85,11.99,7.01,0.69,1831.55万,2.29亿,-7.64,-2.6787,33.08亿
72,688033,*ST天宜,SH,7.93,14.93,*ST天宜,是,4.60|2026一季报,7.93,44.58亿,-8516.48万|2026一季报,-22.35亿|2025年报,-3.71亿|2025三季报,-2.09亿|2025半年报,-8927.21万|2025一季报,-8716.19万|2026一季报,-22.45亿|2025年报,-3.75亿|2025三季报,-2.10亿|2025半年报,-8920.25万|2025一季报,1.030,7.93,6.88,4.79,1.10,2692.86万,2.00亿,-13.09,3.3615,44.58亿
73,600082,ST海泰,SH,3.78,2.44,ST海泰,否,1.33|2026一季报,3.78,24.42亿,-1352.98万|2026一季报,-7298.33万|2025年报,242.20万|2025三季报,-3006.27万|2025半年报,-1371.20万|2025一季报,-1352.98万|2026一季报,-7298.33万|2025年报,242.20万|2025三季报,-3006.27万|2025半年报,-1371.20万|2025一季报,0.090,3.87,3.63,5.87,1.71,3725.49万,1.42亿,-45.13,1.4456,23.98亿
