symbol_dir,report_file,rel_path,inferred_date,date_source,confidence,file_birthtime
000001,平安银行_稳健投资策略分析报告.md,000001/平安银行_稳健投资策略分析报告.md,2026-04-22,内容-元数据完整日期,high,2026-04-23 00:28:34
000048,京基智农_稳健投资策略分析报告.md,000048/京基智农_稳健投资策略分析报告.md,2026-04-24,内容-元数据完整日期,high,2026-04-24 01:04:13
000088,盐田港投资分析报告.md,000088/盐田港投资分析报告.md,2026-04-24,内容-元数据完整日期,high,2026-04-24 09:17:04
00013.HK,和黄医药_稳健投资策略分析报告.md,00013.HK/和黄医药_稳健投资策略分析报告.md,2026-05-21,内容-元数据完整日期,high,2026-05-21 10:27:50
000157,中联重科投资分析报告.md,000157/中联重科投资分析报告.md,2026-04-23,内容-元数据完整日期,high,2026-04-23 21:24:36
00027.HK,银河娱乐_00027.HK_稳健投资策略分析报告.md,00027.HK/银河娱乐_00027.HK_稳健投资策略分析报告.md,2026-07-09,内容-元数据完整日期,high,2026-07-09 19:56:29
000333,美的集团_稳健投资策略分析报告.md,000333/美的集团_稳健投资策略分析报告.md,2026-04-20,内容-元数据完整日期,high,2026-04-20 21:21:05
000423,东阿阿胶投资分析报告.md,000423/东阿阿胶投资分析报告.md,2026-04-24,内容-元数据完整日期,high,2026-04-24 09:19:12
000513,丽珠集团_稳健投资策略分析报告.md,000513/丽珠集团_稳健投资策略分析报告.md,2026-04-20,内容-元数据完整日期,high,2026-04-20 20:59:31
000521,长虹美菱_稳健投资策略分析报告.md,000521/长虹美菱_稳健投资策略分析报告.md,2026-04-23,内容-元数据完整日期,high,2026-04-23 21:38:06
000538,云南白药_稳健投资策略分析报告.md,000538/云南白药_稳健投资策略分析报告.md,2026-05-01,内容-元数据完整日期,high,2026-05-01 09:50:03
000568_2025年报,泸州老窖_稳健投资策略分析报告.md,000568_2025年报/泸州老窖_稳健投资策略分析报告.md,2026-04-20,内容-元数据完整日期,high,2026-04-20 20:44:52
000581,威孚高科投资分析报告.md,000581/威孚高科投资分析报告.md,2026-04-24,内容-元数据完整日期,high,2026-04-24 00:46:01
000596,古井贡酒_稳健投资策略分析报告.md,000596/古井贡酒_稳健投资策略分析报告.md,2026-05-01,内容-元数据完整日期,high,2026-05-01 09:07:37
000625,长安汽车_稳健投资策略分析报告.md,000625/长安汽车_稳健投资策略分析报告.md,2026-05-01,内容-元数据完整日期,high,2026-05-01 09:08:53
000651,格力电器_稳健投资策略分析报告.md,000651/格力电器_稳健投资策略分析报告.md,2026-04-20,内容-元数据完整日期,high,2026-04-20 20:59:31
000651_2025年报,格力电器_稳健投资策略分析报告_2025年报.md,000651_2025年报/格力电器_稳健投资策略分析报告_2025年报.md,2026-04-28,内容-元数据完整日期,high,2026-04-29 09:04:36
000828,东莞控股_投资分析报告.md,000828/东莞控股_投资分析报告.md,2026-04-24,内容-元数据完整日期,high,2026-04-24 09:18:39
000858,五粮液_000858_稳健投资策略分析报告.md,000858/五粮液_000858_稳健投资策略分析报告.md,2025-12-31,内容-元数据完整日期,high,2026-04-30 21:53:41
000858,五粮液_000858_稳健投资策略分析报告.md,000858/2026-07-11/五粮液_000858_稳健投资策略分析报告.md,2026-07-11,内容-元数据完整日期,high,2026-07-11 12:17:49
000858_2025年3季报,五粮液_稳健投资策略分析报告.md,000858_2025年3季报/五粮液_稳健投资策略分析报告.md,2026-04-20,内容-元数据完整日期,high,2026-04-20 20:59:29
000895,双汇发展_稳健投资策略分析报告.md,000895/双汇发展_稳健投资策略分析报告.md,2026-04-20,内容-元数据完整日期,high,2026-04-20 20:59:31
000913,钱江摩托_稳健投资策略分析报告.md,000913/钱江摩托_稳健投资策略分析报告.md,2026-04-23,内容-元数据完整日期,high,2026-04-23 21:27:07
000915,华特达因_投资分析报告.md,000915/华特达因_投资分析报告.md,2026-04-23,内容-元数据完整日期,high,2026-04-23 20:50:45
000921,海信家电_稳健投资策略分析报告.md,000921/海信家电_稳健投资策略分析报告.md,2026-04-23,内容-元数据完整日期,high,2026-04-24 00:03:08
000937,冀中能源投资分析报告.md,000937/冀中能源投资分析报告.md,2026-04-23,内容-元数据完整日期,high,2026-04-23 20:49:22
001323,慕思股份_稳健投资策略分析报告.md,001323/慕思股份_稳健投资策略分析报告.md,2026-04-22,内容-元数据完整日期,high,2026-04-22 23:55:33
001323,慕思股份_投资分析报告.md,001323/慕思股份_投资分析报告.md,2026-04-23,内容-元数据完整日期,high,2026-04-24 00:00:01
00151.HK,中国旺旺_稳健投资策略分析报告.md,00151.HK/中国旺旺_稳健投资策略分析报告.md,2026-05-21,内容-元数据完整日期,high,2026-05-21 11:20:42
001965,招商公路_稳健投资策略分析报告.md,001965/招商公路_稳健投资策略分析报告.md,2026-04-20,内容-元数据完整日期,high,2026-05-01 08:37:56
001979,招商蛇口_稳健投资策略分析报告.md,001979/招商蛇口_稳健投资策略分析报告.md,2026-05-01,内容-元数据完整日期,high,2026-05-01 09:06:05
002007,华兰生物投资分析报告.md,002007/华兰生物投资分析报告.md,2026-04-24,内容-元数据完整日期,high,2026-04-24 09:19:47
002014,永新股份_稳健投资策略分析报告.md,002014/永新股份_稳健投资策略分析报告.md,2026-04-23,内容-元数据完整日期,high,2026-04-23 21:03:09
002027,分众传媒_稳健投资策略分析报告.md,002027/分众传媒_稳健投资策略分析报告.md,2026-05-01,内容-元数据完整日期,high,2026-05-01 09:06:52
002032,苏泊尔_稳健投资策略分析报告.md,002032/苏泊尔_稳健投资策略分析报告.md,2026-04-23,内容-元数据完整日期,high,2026-04-23 21:40:04
002035,华帝股份_稳健投资策略分析报告.md,002035/华帝股份_稳健投资策略分析报告.md,2026-04-23,内容-元数据完整日期,high,2026-04-23 21:29:32
002088,鲁阳节能_稳健投资策略分析报告_20260423.md,002088/鲁阳节能_稳健投资策略分析报告_20260423.md,2026-04-23,文件名-完整日期,high,2026-04-23 21:02:21
002088,鲁阳节能_稳健投资策略分析报告.md,002088/鲁阳节能_稳健投资策略分析报告.md,2026-05-01,内容-元数据完整日期,high,2026-05-01 09:53:41
002091,江苏国泰_投资分析报告.md,002091/江苏国泰_投资分析报告.md,2026-04-23,内容-元数据完整日期,high,2026-04-24 01:00:55
002223,鱼跃医疗_稳健投资策略分析报告.md,002223/鱼跃医疗_稳健投资策略分析报告.md,2026-05-01,内容-元数据完整日期,high,2026-05-01 09:09:11
002228,合兴包装_投资分析报告.md,002228/合兴包装_投资分析报告.md,2026-04-23,内容-元数据完整日期,high,2026-04-23 21:10:19
002233,塔牌集团投资分析报告.md,002233/塔牌集团投资分析报告.md,2026-04-24,内容-元数据完整日期,high,2026-04-24 00:45:59
002241,歌尔股份_稳健投资策略分析报告.md,002241/歌尔股份_稳健投资策略分析报告.md,2026-05-01,内容-元数据完整日期,high,2026-05-01 09:08:06
002271,东方雨虹_投资分析报告.md,002271/东方雨虹_投资分析报告.md,2026-04-23,内容-元数据完整日期,high,2026-04-23 20:47:38
002274,华昌化工_稳健投资策略分析报告.md,002274/华昌化工_稳健投资策略分析报告.md,2026-04-24,内容-元数据完整日期,high,2026-04-24 09:19:39
002303,美盈森投资分析报告.md,002303/美盈森投资分析报告.md,2026-04-23,内容-元数据完整日期,high,2026-04-23 21:39:34
002304,洋河股份_稳健投资策略分析报告.md,002304/洋河股份_稳健投资策略分析报告.md,2026-04-20,内容-元数据完整日期,high,2026-04-20 20:59:29
002327,富安娜_稳健投资策略分析报告.md,002327/富安娜_稳健投资策略分析报告.md,2026-04-20,内容-元数据完整日期,high,2026-04-20 21:01:20
002352,顺丰控股_稳健投资策略分析报告.md,002352/顺丰控股_稳健投资策略分析报告.md,2026-04-20,内容-元数据完整日期,high,2026-04-20 20:59:31
002367,康力电梯投资分析报告.md,002367/康力电梯投资分析报告.md,2025-12-31,内容-元数据完整日期,high,2026-04-24 09:20:40
002372,伟星新材投资分析报告.md,002372/伟星新材投资分析报告.md,2026-04-23,内容-元数据完整日期,high,2026-04-23 23:59:47
002400,省广集团_综合分析报告.md,002400/省广集团_综合分析报告.md,2026-04-30,内容-元数据完整日期,high,2026-05-03 00:12:14
002415,海康威视_稳健投资策略分析报告.md,002415/海康威视_稳健投资策略分析报告.md,2026-04-20,内容-元数据完整日期,high,2026-04-20 21:34:10
002441,众业达投资分析报告.md,002441/众业达投资分析报告.md,2026-04-24,内容-元数据完整日期,high,2026-04-24 00:21:58
002469,三维化学稳健投资策略分析报告.md,002469/三维化学稳健投资策略分析报告.md,2026-04-24,内容-元数据完整日期,high,2026-04-24 09:18:12
002507,涪陵榨菜_稳健投资策略分析报告.md,002507/涪陵榨菜_稳健投资策略分析报告.md,2026-04-20,内容-元数据完整日期,high,2026-04-20 20:50:42
002508_2025年三季报,老板电器_稳健投资策略分析报告.md,002508_2025年三季报/老板电器_稳健投资策略分析报告.md,2026-04-22,内容-元数据完整日期,high,2026-04-22 23:47:24
002521,齐峰新材投资分析报告.md,002521/齐峰新材投资分析报告.md,2026-04-24,内容-元数据完整日期,high,2026-04-24 09:20:35
002540,亚太科技投资分析报告.md,002540/亚太科技投资分析报告.md,2026-04-24,内容-元数据完整日期,high,2026-04-24 09:23:23
002555,投资分析报告.md,002555/投资分析报告.md,2026-04-24,内容-元数据完整日期,high,2026-04-24 09:20:27
002557,洽洽食品_稳健投资策略分析报告.md,002557/洽洽食品_稳健投资策略分析报告.md,2026-04-20,内容-元数据完整日期,high,2026-04-20 22:40:17
002563,森马服饰_投资分析报告.md,002563/森马服饰_投资分析报告.md,2026-04-23,内容-元数据完整日期,high,2026-04-23 20:50:13
002568,百润股份_稳健投资策略分析报告.md,002568/百润股份_稳健投资策略分析报告.md,2026-04-22,内容-元数据完整日期,high,2026-04-22 22:17:51
002572,索菲亚_稳健投资策略分析报告.md,002572/索菲亚_稳健投资策略分析报告.md,2026-04-20,内容-元数据完整日期,high,2026-04-20 20:51:57
002597,金禾实业_稳健投资策略分析报告.md,002597/金禾实业_稳健投资策略分析报告.md,2026-04-28,内容-元数据完整日期,high,2026-04-28 00:37:47
002601,龙佰集团_稳健投资策略分析报告.md,002601/龙佰集团_稳健投资策略分析报告.md,2026-04-28,内容-元数据完整日期,high,2026-04-28 11:20:04
002616,长青集团_稳健投资策略分析报告.md,002616/长青集团_稳健投资策略分析报告.md,2026-05-05,内容-元数据完整日期,high,2026-05-05 11:23:28
002661,克明食品投资分析报告.md,002661/克明食品投资分析报告.md,2026-04-24,内容-元数据完整日期,high,2026-04-24 09:22:18
002690,美亚光电_稳健投资策略分析报告.md,002690/美亚光电_稳健投资策略分析报告.md,2026-04-20,内容-元数据完整日期,high,2026-04-20 21:26:38
00270HK,粤海投资_稳健投资策略分析报告.md,00270HK/粤海投资_稳健投资策略分析报告.md,2026-05-21,内容-元数据完整日期,high,2026-05-21 11:22:45
002714,牧原股份_稳健投资策略分析报告.md,002714/牧原股份_稳健投资策略分析报告.md,2026-04-20,内容-元数据完整日期,high,2026-04-20 21:12:51
002749,国光股份投资分析报告.md,002749/国光股份投资分析报告.md,2026-04-23,内容-元数据完整日期,high,2026-04-23 20:52:32
002763,汇洁股份_稳健投资策略分析报告.md,002763/汇洁股份_稳健投资策略分析报告.md,2026-04-24,内容-元数据完整日期,high,2026-04-24 00:22:17
002807,江阴银行_稳健投资策略分析报告.md,002807/江阴银行_稳健投资策略分析报告.md,2026-04-23,内容-元数据完整日期,high,2026-04-23 21:27:51
002818,富森美投资分析报告.md,002818/富森美投资分析报告.md,2026-04-23,内容-元数据完整日期,high,2026-04-23 20:49:03
002884,凌霄泵业_投资分析报告.md,002884/凌霄泵业_投资分析报告.md,2026-04-24,内容-元数据完整日期,high,2026-04-24 00:21:18
002966,苏州银行_投资分析报告.md,002966/苏州银行_投资分析报告.md,2026-04-24,内容-元数据完整日期,high,2026-04-24 09:21:10
002991,甘源食品_稳健投资策略分析报告.md,002991/甘源食品_稳健投资策略分析报告.md,2026-04-20,内容-元数据完整日期,high,2026-04-20 21:15:45
002998,优彩资源_稳健投资策略分析报告.md,002998/优彩资源_稳健投资策略分析报告.md,2026-04-24,内容-元数据完整日期,high,2026-04-24 00:45:10
003000,劲仔食品_003000_分析报告.md,003000/劲仔食品_003000_分析报告.md,2026-04-20,内容-元数据完整日期,high,2026-04-20 22:20:11
003008,开普检测投资分析报告.md,003008/开普检测投资分析报告.md,2026-04-24,内容-元数据完整日期,high,2026-04-24 09:18:49
00696.HK,中国民航信息网络_稳健投资策略分析报告.md,00696.HK/中国民航信息网络_稳健投资策略分析报告.md,2026-05-21,内容-元数据完整日期,high,2026-05-21 11:20:56
00855HK,中国水务_稳健投资策略分析报告.md,00855HK/中国水务_稳健投资策略分析报告.md,2026-05-21,内容-元数据完整日期,high,2026-05-21 10:39:38
00874.HK,白云山_稳健投资策略分析报告.md,00874.HK/白云山_稳健投资策略分析报告.md,2026-05-21,内容-元数据完整日期,high,2026-05-21 10:33:45
00941.HK,中国移动_稳健投资策略分析报告_20260508.md,00941.HK/中国移动_稳健投资策略分析报告_20260508.md,2026-05-08,文件名-完整日期,high,2026-05-08 16:10:15
01024.HK,快手-W_稳健投资策略分析报告.md,01024.HK/快手-W_稳健投资策略分析报告.md,2026-04-21,内容-元数据完整日期,high,2026-04-23 17:12:15
01066.HK,威高股份_稳健投资策略分析报告.md,01066.HK/威高股份_稳健投资策略分析报告.md,2026-07-08,内容-元数据完整日期,high,2026-07-08 22:26:13
01066.HK_2026_05_21,威高股份_稳健投资策略分析报告.md,01066.HK_2026_05_21/威高股份_稳健投资策略分析报告.md,2026-05-21,内容-元数据完整日期,high,2026-05-21 11:21:54
01193HK,华润燃气_稳健投资策略分析报告.md,01193HK/华润燃气_稳健投资策略分析报告.md,2026-05-21,内容-元数据完整日期,high,2026-05-21 10:32:03
01368.HK,特步国际_稳健投资策略分析报告.md,01368.HK/特步国际_稳健投资策略分析报告.md,2026-05-21,内容-元数据完整日期,high,2026-05-21 08:50:07
02097.HK,蜜雪集团_稳健投资策略分析报告.md,02097.HK/蜜雪集团_稳健投资策略分析报告.md,2026-05-21,内容-元数据完整日期,high,2026-05-21 11:17:15
02313.HK,申洲国际_稳健投资策略分析报告.md,02313.HK/申洲国际_稳健投资策略分析报告.md,2026-07-09,内容-元数据完整日期,high,2026-07-09 20:32:02
02313.HK_2026-05-21,申洲国际_稳健投资策略分析报告.md,02313.HK_2026-05-21/申洲国际_稳健投资策略分析报告.md,2026-05-21,内容-元数据完整日期,high,2026-05-21 10:35:25
02367.HK_4.20分析,巨子生物_稳健投资策略分析报告.md,02367.HK_4.20分析/巨子生物_稳健投资策略分析报告.md,2026-04-21,内容-元数据完整日期,high,2026-04-23 17:16:34
02669.HK,中海物业_稳健投资策略分析报告.md,02669.HK/中海物业_稳健投资策略分析报告.md,2026-05-21,内容-元数据完整日期,high,2026-05-12 14:44:45
03320.HK,华润医药_稳健投资策略分析报告.md,03320.HK/华润医药_稳健投资策略分析报告.md,2026-05-21,内容-元数据完整日期,high,2026-05-21 10:36:10
03690.HK,美团-W_稳健投资策略分析报告.md,03690.HK/美团-W_稳健投资策略分析报告.md,2026-04-21,内容-元数据完整日期,high,2026-04-22 16:34:11
03918,金界控股_稳健投资策略分析报告.md,03918/金界控股_稳健投资策略分析报告.md,2026-05-21,内容-元数据完整日期,high,2026-05-21 10:35:02
06049.HK,保利物业_稳健投资策略分析报告.md,06049.HK/保利物业_稳健投资策略分析报告.md,2026-05-12,内容-元数据完整日期,high,2026-05-12 13:51:43
06186.HK,中国飞鹤_稳健投资策略分析报告.md,06186.HK/中国飞鹤_稳健投资策略分析报告.md,2026-05-21,内容-元数据完整日期,high,2026-05-21 10:33:48
06862.HK,海底捞_06862.HK_稳健投资策略分析报告.md,06862.HK/海底捞_06862.HK_稳健投资策略分析报告.md,2026-07-08,内容-元数据完整日期,high,2026-07-08 22:30:37
06862.HK_2026_04_21,海底捞_稳健投资策略分析报告.md,06862.HK_2026_04_21/海底捞_稳健投资策略分析报告.md,2026-04-21,内容-元数据完整日期,high,2026-04-23 17:15:51
09985.HK,卫龙美味_稳健投资策略分析报告.md,09985.HK/卫龙美味_稳健投资策略分析报告.md,2026-05-21,内容-元数据完整日期,high,2026-05-21 10:33:22
09987.HK,百胜中国_09987.HK_稳健投资策略分析报告.md,09987.HK/百胜中国_09987.HK_稳健投资策略分析报告.md,2026-07-09,内容-元数据完整日期,high,2026-07-09 19:58:06
09987.HK_2026_05_20,百胜中国_稳健投资策略分析报告.md,09987.HK_2026_05_20/百胜中国_稳健投资策略分析报告.md,2026-05-20,内容-元数据完整日期,high,2026-05-20 19:03:54
2367HK,巨子生物_2367HK_投资分析报告.md,2367HK/巨子生物_2367HK_投资分析报告.md,2026-05-04,内容-元数据完整日期,high,2026-05-04 08:32:50
300015,爱尔眼科_稳健投资策略分析报告.md,300015/爱尔眼科_稳健投资策略分析报告.md,2026-04-20,内容-元数据完整日期,high,2026-04-20 21:36:13
300045,华力创通_稳健投资策略分析报告.md,300045/华力创通_稳健投资策略分析报告.md,2026-04-30,内容-元数据完整日期,high,2026-05-02 20:57:35
300146,汤臣倍健_稳健投资策略分析报告.md,300146/汤臣倍健_稳健投资策略分析报告.md,2026-04-20,内容-元数据完整日期,high,2026-04-20 21:15:44
300433,蓝思科技_稳健投资策略分析报告.md,300433/蓝思科技_稳健投资策略分析报告.md,2026-05-01,内容-元数据完整日期,high,2026-05-01 09:51:45
300498,温氏股份_稳健投资策略分析报告_20260428.md,300498/温氏股份_稳健投资策略分析报告_20260428.md,2026-04-28,文件名-完整日期,high,2026-04-28 11:33:46
300573,兴齐眼药_稳健投资策略分析报告.md,300573/兴齐眼药_稳健投资策略分析报告.md,2026-04-22,内容-元数据完整日期,high,2026-04-22 22:20:51
300616,尚品宅配_稳健投资策略分析报告.md,300616/尚品宅配_稳健投资策略分析报告.md,2026-04-23,内容-元数据完整日期,high,2026-04-23 21:39:16
300627,华测导航_稳健投资策略分析报告.md,300627/华测导航_稳健投资策略分析报告.md,2026-04-20,内容-元数据完整日期,high,2026-04-20 22:06:26
300628,亿联网络_稳健投资策略分析报告.md,300628/亿联网络_稳健投资策略分析报告.md,2026-04-20,内容-元数据完整日期,high,2026-04-20 21:19:05
300737,科顺股份_投资分析报告.md,300737/科顺股份_投资分析报告.md,2026-04-24,内容-元数据完整日期,high,2026-04-24 01:13:00
300760,迈瑞医疗_稳健投资策略分析报告.md,300760/迈瑞医疗_稳健投资策略分析报告.md,2026-04-20,内容-元数据完整日期,high,2026-04-20 22:24:40
300770,投资分析报告.md,300770/投资分析报告.md,2026-04-23,内容-元数据完整日期,high,2026-04-23 21:06:44
300770,新媒股份_稳健投资策略分析报告.md,300770/新媒股份_稳健投资策略分析报告.md,2026-05-05,内容-元数据完整日期,high,2026-05-05 11:25:05
300896,爱美客_稳健投资策略分析报告.md,300896/爱美客_稳健投资策略分析报告.md,2026-05-01,内容-元数据完整日期,high,2026-05-01 09:47:56
300979,华利集团_稳健投资策略分析报告.md,300979/华利集团_稳健投资策略分析报告.md,2026-04-20,内容-元数据完整日期,high,2026-04-20 21:13:21
300979,华利集团_稳健投资策略分析报告_20260507.md,300979/华利集团_稳健投资策略分析报告_20260507.md,2026-05-07,文件名-完整日期,high,2026-05-07 11:27:41
300979_2026Q1,华利集团_稳健投资策略分析报告_2026Q1.md,300979_2026Q1/华利集团_稳健投资策略分析报告_2026Q1.md,2026-03-31,文件名-一季报/Q1,medium,2026-04-29 09:00:26
301004,嘉益股份_稳健投资策略分析报告.md,301004/嘉益股份_稳健投资策略分析报告.md,2026-04-23,内容-元数据完整日期,high,2026-04-23 21:27:36
301047,义翘神州_投资分析报告.md,301047/义翘神州_投资分析报告.md,2026-04-23,内容-元数据完整日期,high,2026-04-23 21:13:43
301206,三元生物_投资分析报告.md,301206/三元生物_投资分析报告.md,2026-04-23,内容-元数据完整日期,high,2026-04-24 00:01:42
600007,中国国贸_稳健投资策略分析报告.md,600007/中国国贸_稳健投资策略分析报告.md,2026-04-22,内容-元数据完整日期,high,2026-04-22 23:58:25
600009,上海机场_稳健投资策略分析报告.md,600009/上海机场_稳健投资策略分析报告.md,2026-05-01,内容-元数据完整日期,high,2026-05-01 10:00:02
600011,华能国际_稳健投资策略分析报告.md,600011/华能国际_稳健投资策略分析报告.md,2026-04-28,内容-元数据完整日期,high,2026-04-28 11:01:55
600015,华夏银行_稳健投资策略分析报告.md,600015/华夏银行_稳健投资策略分析报告.md,2026-04-23,内容-元数据完整日期,high,2026-04-24 00:00:54
600016,民生银行_稳健投资策略分析报告.md,600016/民生银行_稳健投资策略分析报告.md,2026-04-22,内容-元数据完整日期,high,2026-04-23 00:09:36
600023,浙能电力_稳健投资策略分析报告.md,600023/浙能电力_稳健投资策略分析报告.md,2026-04-23,内容-元数据完整日期,high,2026-04-23 21:39:53
600028,中国石化_稳健投资策略分析报告.md,600028/中国石化_稳健投资策略分析报告.md,2026-05-06,内容-元数据完整日期,high,2026-05-06 22:52:04
600029,南方航空_稳健投资策略分析报告.md,600029/南方航空_稳健投资策略分析报告.md,2026-05-06,内容-元数据完整日期,high,2026-05-06 23:07:13
600031,三一重工_稳健投资策略分析报告.md,600031/三一重工_稳健投资策略分析报告.md,2026-05-01,内容-元数据完整日期,high,2026-05-01 09:51:47
600036,招商银行_稳健投资策略分析报告.md,600036/招商银行_稳健投资策略分析报告.md,2026-04-23,内容-元数据完整日期,high,2026-04-23 21:03:20
600048,保利发展_稳健投资策略分析报告.md,600048/保利发展_稳健投资策略分析报告.md,2026-04-20,内容-元数据完整日期,high,2026-04-20 21:14:51
600050,中国联通_稳健投资策略分析报告.md,600050/中国联通_稳健投资策略分析报告.md,2026-05-02,内容-元数据完整日期,high,2026-05-02 21:11:58
600057,厦门象屿投资分析报告.md,600057/厦门象屿投资分析报告.md,2026-04-24,内容-元数据完整日期,high,2026-04-24 09:18:09
600067,投资分析报告.md,600067/投资分析报告.md,2026-04-23,内容-元数据完整日期,high,2026-04-24 00:03:02
600096,云天化投资分析报告.md,600096/云天化投资分析报告.md,2026-04-24,内容-元数据完整日期,high,2026-04-24 09:17:28
600098,广州发展_稳健投资策略分析报告.md,600098/广州发展_稳健投资策略分析报告.md,2026-04-24,内容-元数据完整日期,high,2026-04-24 00:49:42
600115,中国东航_稳健投资策略分析报告.md,600115/中国东航_稳健投资策略分析报告.md,2026-05-06,内容-元数据完整日期,high,2026-05-06 23:10:56
600132,重庆啤酒_稳健投资策略分析报告.md,600132/重庆啤酒_稳健投资策略分析报告.md,2026-04-20,内容-元数据完整日期,high,2026-04-20 21:54:06
600153,建发股份_稳健投资策略分析报告.md,600153/建发股份_稳健投资策略分析报告.md,2026-04-23,内容-元数据完整日期,high,2026-04-24 00:00:02
600177,雅戈尔_稳健投资策略分析报告.md,600177/雅戈尔_稳健投资策略分析报告.md,2026-04-22,内容-元数据完整日期,high,2026-04-23 08:09:36
600196,复星医药_稳健投资策略分析报告.md,600196/复星医药_稳健投资策略分析报告.md,2026-04-20,内容-元数据完整日期,high,2026-04-20 22:15:01
600256,广汇能源_稳健投资策略分析报告_20250423.md,600256/广汇能源_稳健投资策略分析报告_20250423.md,2025-04-23,文件名-完整日期,high,2026-04-23 20:50:34
600276,恒瑞医药_稳健投资策略分析报告.md,600276/恒瑞医药_稳健投资策略分析报告.md,2026-04-20,内容-元数据完整日期,high,2026-04-20 22:13:18
600329,达仁堂投资分析报告.md,600329/达仁堂投资分析报告.md,2026-04-23,内容-元数据完整日期,high,2026-04-23 21:11:30
600332,白云山_稳健投资策略分析报告.md,600332/白云山_稳健投资策略分析报告.md,2026-05-01,内容-元数据完整日期,high,2026-05-01 09:43:14
600340,华夏幸福_稳健投资策略分析报告.md,600340/华夏幸福_稳健投资策略分析报告.md,2026-05-02,内容-元数据完整日期,high,2026-05-02 19:33:40
600351,亚宝药业_投资分析报告.md,600351/亚宝药业_投资分析报告.md,2026-04-23,内容-元数据完整日期,high,2026-04-23 20:53:36
600373,中文传媒_稳健投资策略分析报告.md,600373/中文传媒_稳健投资策略分析报告.md,2026-04-24,内容-元数据完整日期,high,2026-04-24 00:45:23
600398,海澜之家_600398_分析报告.md,600398/海澜之家_600398_分析报告.md,2026-04-20,内容-元数据完整日期,high,2026-04-20 21:21:58
600415,小商品城_稳健投资策略分析报告.md,600415/小商品城_稳健投资策略分析报告.md,2026-04-22,内容-元数据完整日期,high,2026-04-22 22:15:39
600489.SH,中金黄金_稳健投资策略分析报告.md,600489.SH/中金黄金_稳健投资策略分析报告.md,2026-05-22,内容-元数据完整日期,high,2026-05-22 14:11:43
600502,安徽建工_投资分析报告.md,600502/安徽建工_投资分析报告.md,2026-04-24,内容-元数据完整日期,high,2026-04-24 09:21:02
600519,贵州茅台_稳健投资策略分析报告.md,600519/贵州茅台_稳健投资策略分析报告.md,2026-04-20,内容-元数据完整日期,high,2026-04-20 21:59:26
600546.SH,山煤国际_稳健投资策略分析报告.md,600546.SH/山煤国际_稳健投资策略分析报告.md,2026-04-24,内容-元数据完整日期,high,2026-04-24 00:22:11
600551,时代出版_投资分析报告.md,600551/时代出版_投资分析报告.md,2026-04-24,内容-元数据完整日期,high,2026-04-24 09:18:09
600566,济川药业_稳健投资策略分析报告.md,600566/济川药业_稳健投资策略分析报告.md,2026-04-20,内容-元数据完整日期,high,2026-04-20 23:54:15
600582,天地科技_稳健投资策略分析报告.md,600582/天地科技_稳健投资策略分析报告.md,2026-04-23,内容-元数据完整日期,high,2026-04-24 00:01:14
600585,海螺水泥_稳健投资策略分析报告.md,600585/海螺水泥_稳健投资策略分析报告.md,2026-04-20,内容-元数据完整日期,high,2026-04-20 21:15:22
600598,北大荒_稳健投资策略分析报告.md,600598/北大荒_稳健投资策略分析报告.md,2026-05-05,内容-元数据完整日期,high,2026-05-05 11:22:42
600600,青岛啤酒_稳健投资策略分析报告.md,600600/青岛啤酒_稳健投资策略分析报告.md,2026-04-20,内容-元数据完整日期,high,2026-04-20 22:19:56
600612,老凤祥_稳健投资策略分析报告.md,600612/老凤祥_稳健投资策略分析报告.md,2026-04-22,内容-元数据完整日期,high,2026-04-23 08:54:19
600642,申能股份_稳健投资策略分析报告.md,600642/申能股份_稳健投资策略分析报告.md,2026-04-24,内容-元数据完整日期,high,2026-04-24 09:22:53
600662,外服控股投资分析报告.md,600662/外服控股投资分析报告.md,2026-04-24,内容-元数据完整日期,high,2026-04-24 09:18:31
600681,百川能源_投资分析报告.md,600681/百川能源_投资分析报告.md,2026-04-23,内容-元数据完整日期,high,2026-04-23 22:27:04
600690,海尔智家_稳健投资策略分析报告.md,600690/海尔智家_稳健投资策略分析报告.md,2026-04-22,内容-元数据完整日期,high,2026-04-23 00:02:05
600694,大商股份投资分析报告.md,600694/大商股份投资分析报告.md,2026-04-24,内容-元数据完整日期,high,2026-04-24 00:20:33
600704,物产中大_稳健投资策略分析报告.md,600704/物产中大_稳健投资策略分析报告.md,2026-04-23,内容-元数据完整日期,high,2026-04-23 21:28:57
600729,重庆百货_稳健投资策略分析报告.md,600729/重庆百货_稳健投资策略分析报告.md,2026-04-22,内容-元数据完整日期,high,2026-04-22 22:15:45
600737,中粮糖业_稳健投资策略分析报告.md,600737/中粮糖业_稳健投资策略分析报告.md,2026-04-27,内容-元数据完整日期,high,2026-04-27 15:48:41
600742,富维股份_稳健投资策略分析报告.md,600742/富维股份_稳健投资策略分析报告.md,2026-04-23,内容-元数据完整日期,high,2026-04-23 21:14:29
600757,长江传媒投资分析报告.md,600757/长江传媒投资分析报告.md,2026-04-24,内容-元数据完整日期,high,2026-04-24 09:21:31
600803,新奥股份投资分析报告.md,600803/新奥股份投资分析报告.md,2026-04-24,内容-元数据完整日期,high,2026-04-24 09:19:10
600809,山西汾酒_稳健投资策略分析报告.md,600809/山西汾酒_稳健投资策略分析报告.md,2026-04-30,内容-元数据完整日期,high,2026-05-01 14:32:08
600820,投资分析报告.md,600820/投资分析报告.md,2026-04-24,内容-元数据完整日期,high,2026-04-24 00:54:53
600827,百联股份_稳健投资策略分析报告.md,600827/百联股份_稳健投资策略分析报告.md,2026-05-04,内容-元数据完整日期,high,2026-05-04 08:46:13
600866,星湖科技_稳健投资策略分析报告.md,600866/星湖科技_稳健投资策略分析报告.md,2026-04-23,内容-元数据完整日期,high,2026-04-24 00:01:18
600887,伊利股份_稳健投资策略分析报告.md,600887/伊利股份_稳健投资策略分析报告.md,2026-04-20,内容-元数据完整日期,high,2026-04-20 21:15:47
600894,广日股份投资分析报告.md,600894/广日股份投资分析报告.md,2026-04-23,内容-元数据完整日期,high,2026-04-23 21:09:21
600900,长江电力_稳健投资策略分析报告.md,600900/长江电力_稳健投资策略分析报告.md,2026-04-28,内容-元数据完整日期,high,2026-04-28 11:39:00
600901,江苏金租投资分析报告.md,600901/江苏金租投资分析报告.md,2026-04-23,内容-元数据完整日期,high,2026-04-24 00:00:32
600908,无锡银行投资分析报告.md,600908/无锡银行投资分析报告.md,2026-04-23,内容-元数据完整日期,high,2026-04-24 00:02:59
600919,江苏银行投资分析报告.md,600919/江苏银行投资分析报告.md,2026-04-24,内容-元数据完整日期,high,2026-04-24 09:18:31
600985,淮北矿业_稳健投资策略分析报告.md,600985/淮北矿业_稳健投资策略分析报告.md,2026-04-24,内容-元数据完整日期,high,2026-04-24 00:20:35
600987,航民股份投资分析报告.md,600987/航民股份投资分析报告.md,2026-04-24,内容-元数据完整日期,high,2026-04-24 00:21:13
601019,山东出版投资分析报告.md,601019/山东出版投资分析报告.md,2026-04-24,内容-元数据完整日期,high,2026-04-24 09:19:53
601088,中国神华投资分析报告.md,601088/中国神华投资分析报告.md,2026-04-23,内容-元数据完整日期,high,2026-04-23 21:11:40
601088.SH,中国神华_稳健投资策略分析报告.md,601088.SH/中国神华_稳健投资策略分析报告.md,2026-05-08,内容-元数据完整日期,high,2026-05-08 16:24:07
601098,中南传媒_稳健投资策略分析报告.md,601098/中南传媒_稳健投资策略分析报告.md,2026-04-24,内容-元数据完整日期,high,2026-04-24 00:56:07
601101,昊华能源_投资分析报告.md,601101/昊华能源_投资分析报告.md,2026-04-24,内容-元数据完整日期,high,2026-04-24 00:59:10
601107,四川成渝_投资分析报告.md,601107/四川成渝_投资分析报告.md,2026-04-24,内容-元数据完整日期,high,2026-04-24 09:23:39
601111,中国国航_稳健投资策略分析报告.md,601111/中国国航_稳健投资策略分析报告.md,2026-05-06,内容-元数据完整日期,high,2026-05-06 23:07:32
601128,常熟银行_投资分析报告.md,601128/常熟银行_投资分析报告.md,2026-04-24,内容-元数据完整日期,high,2026-04-24 00:48:38
601166,兴业银行_稳健投资策略分析报告.md,601166/兴业银行_稳健投资策略分析报告.md,2026-04-23,内容-元数据完整日期,high,2026-04-23 20:51:06
601229,上海银行_稳健投资策略分析报告.md,601229/上海银行_稳健投资策略分析报告.md,2026-04-24,内容-元数据完整日期,high,2026-04-24 00:22:57
601298,青岛港_稳健投资策略分析报告.md,601298/青岛港_稳健投资策略分析报告.md,2026-04-20,内容-元数据完整日期,high,2026-04-20 22:14:15
601328,交通银行_稳健投资策略分析报告.md,601328/交通银行_稳健投资策略分析报告.md,2026-04-24,内容-元数据完整日期,high,2026-04-24 09:27:02
601339,百隆东方_投资分析报告.md,601339/百隆东方_投资分析报告.md,2026-04-24,内容-元数据完整日期,high,2026-04-24 00:55:44
601369,陕鼓动力投资分析报告.md,601369/陕鼓动力投资分析报告.md,2026-04-24,内容-元数据完整日期,high,2026-04-24 09:17:27
601390,中国中铁_投资分析报告.md,601390/中国中铁_投资分析报告.md,2026-04-24,内容-元数据完整日期,high,2026-04-24 00:53:15
601567,三星电气_稳健投资策略分析报告.md,601567/三星电气_稳健投资策略分析报告.md,2026-04-24,内容-元数据完整日期,high,2026-04-24 00:22:24
601577,长沙银行投资分析报告.md,601577/长沙银行投资分析报告.md,2026-04-23,内容-元数据完整日期,high,2026-04-23 21:28:54
601598,中国外运投资分析报告.md,601598/中国外运投资分析报告.md,2026-04-24,内容-元数据完整日期,high,2026-04-24 09:21:29
601633,长城汽车_稳健投资策略分析报告.md,601633/长城汽车_稳健投资策略分析报告.md,2026-05-01,内容-元数据完整日期,high,2026-05-01 09:54:44
601666,平煤股份_稳健投资策略分析报告.md,601666/平煤股份_稳健投资策略分析报告.md,2026-04-23,内容-元数据完整日期,high,2026-04-23 21:13:23
601668,中国建筑_稳健投资策略分析报告.md,601668/中国建筑_稳健投资策略分析报告.md,2026-04-23,内容-元数据完整日期,high,2026-04-24 00:06:11
601686,友发集团_稳健投资策略分析报告.md,601686/友发集团_稳健投资策略分析报告.md,2026-04-23,内容-元数据完整日期,high,2026-04-23 21:00:32
601717,中创智领_稳健投资策略分析报告.md,601717/中创智领_稳健投资策略分析报告.md,2026-04-23,内容-元数据完整日期,high,2026-04-24 00:04:21
601728,中国电信投资分析报告.md,601728/中国电信投资分析报告.md,2026-04-24,内容-元数据完整日期,high,2026-04-24 09:18:41
601766,中国中车_稳健投资策略分析报告.md,601766/中国中车_稳健投资策略分析报告.md,2026-04-24,内容-元数据完整日期,high,2026-04-24 00:23:32
601818,光大银行投资分析报告.md,601818/光大银行投资分析报告.md,2026-04-23,内容-元数据完整日期,high,2026-04-23 21:28:23
601825,投资分析报告.md,601825/投资分析报告.md,2026-04-24,内容-元数据完整日期,high,2026-04-24 09:18:45
601838,成都银行_稳健投资策略分析报告.md,601838/成都银行_稳健投资策略分析报告.md,2026-04-24,内容-元数据完整日期,high,2026-04-24 00:56:56
601886,江河集团_稳健投资策略分析报告.md,601886/江河集团_稳健投资策略分析报告.md,2026-04-24,内容-元数据完整日期,high,2026-04-24 00:57:24
601888,中国中免_601888_稳健投资策略分析报告.md,601888/中国中免_601888_稳健投资策略分析报告.md,2026-04-20,内容-元数据完整日期,high,2026-04-20 22:10:33
601916,浙商银行_投资分析报告.md,601916/浙商银行_投资分析报告.md,2026-04-24,内容-元数据完整日期,high,2026-04-24 00:37:39
601919,中远海控_投资分析报告.md,601919/中远海控_投资分析报告.md,2026-04-23,内容-元数据完整日期,high,2026-04-23 20:52:35
601921,浙版传媒投资分析报告.md,601921/浙版传媒投资分析报告.md,2026-04-24,内容-元数据完整日期,high,2026-04-24 00:56:08
601928,凤凰传媒_稳健投资策略分析报告.md,601928/凤凰传媒_稳健投资策略分析报告.md,2026-04-23,内容-元数据完整日期,high,2026-04-23 21:25:37
601952,苏垦农发_稳健投资策略分析报告.md,601952/苏垦农发_稳健投资策略分析报告.md,2026-05-05,内容-元数据完整日期,high,2026-05-05 10:49:12
601997,贵阳银行_稳健投资策略分析报告.md,601997/贵阳银行_稳健投资策略分析报告.md,2026-04-24,内容-元数据完整日期,high,2026-04-24 09:18:31
603006,联明股份_稳健投资策略分析报告.md,603006/联明股份_稳健投资策略分析报告.md,2026-04-23,内容-元数据完整日期,high,2026-04-23 21:30:55
603008,喜临门投资分析报告.md,603008/喜临门投资分析报告.md,2026-04-23,内容-元数据完整日期,high,2026-04-23 21:25:30
603027,千禾味业_稳健投资策略分析报告.md,603027/千禾味业_稳健投资策略分析报告.md,2026-04-22,内容-元数据完整日期,high,2026-04-23 00:00:53
603071,物产环能投资分析报告.md,603071/物产环能投资分析报告.md,2026-04-24,内容-元数据完整日期,high,2026-04-24 00:56:32
603095,越剑智能_稳健投资策略分析报告.md,603095/越剑智能_稳健投资策略分析报告.md,2026-04-24,内容-元数据完整日期,high,2026-04-24 01:00:15
603100,川仪股份_稳健投资策略分析报告.md,603100/川仪股份_稳健投资策略分析报告.md,2026-05-02,内容-元数据完整日期,high,2026-05-02 21:05:40
603113,金能科技投资分析报告.md,603113/金能科技投资分析报告.md,2026-04-24,内容-元数据完整日期,high,2026-04-24 00:53:38
603165,荣晟环保投资分析报告.md,603165/荣晟环保投资分析报告.md,2026-04-23,内容-元数据完整日期,high,2026-04-23 21:10:37
603167,渤海轮渡投资分析报告.md,603167/渤海轮渡投资分析报告.md,2026-04-23,内容-元数据完整日期,high,2026-04-23 20:49:26
603187,海容冷链投资分析报告.md,603187/海容冷链投资分析报告.md,2026-04-24,内容-元数据完整日期,high,2026-04-24 00:46:06
603195,公牛集团_稳健投资策略分析报告.md,603195/公牛集团_稳健投资策略分析报告.md,2026-04-22,内容-元数据完整日期,high,2026-04-23 00:25:52
603198,迎驾贡酒_稳健投资策略分析报告.md,603198/迎驾贡酒_稳健投资策略分析报告.md,2026-04-20,内容-元数据完整日期,high,2026-04-20 22:13:39
603207,小方制药_稳健投资策略分析报告.md,603207/小方制药_稳健投资策略分析报告.md,2026-04-23,内容-元数据完整日期,high,2026-04-23 20:51:41
603277,银都股份_稳健投资策略分析报告.md,603277/银都股份_稳健投资策略分析报告.md,2026-04-24,内容-元数据完整日期,high,2026-04-24 00:25:30
603279,景津装备_投资分析报告.md,603279/景津装备_投资分析报告.md,2026-04-24,内容-元数据完整日期,high,2026-04-24 00:46:01
603288,海天味业_稳健投资策略分析报告.md,603288/海天味业_稳健投资策略分析报告.md,2026-04-20,内容-元数据完整日期,high,2026-04-20 22:18:01
603303,得邦照明_投资分析报告.md,603303/得邦照明_投资分析报告.md,2026-04-23,内容-元数据完整日期,high,2026-04-23 20:49:41
603309,维力医疗投资分析报告.md,603309/维力医疗投资分析报告.md,2026-04-23,内容-元数据完整日期,high,2026-04-24 00:22:57
603323,苏农银行_稳健投资策略分析报告.md,603323/苏农银行_稳健投资策略分析报告.md,2026-04-23,内容-元数据完整日期,high,2026-04-24 00:48:40
603326,我乐家居投资分析报告.md,603326/我乐家居投资分析报告.md,2025-12-31,内容-元数据完整日期,high,2026-04-24 00:42:15
603345,安井食品_稳健投资策略分析报告.md,603345/安井食品_稳健投资策略分析报告.md,2026-04-20,内容-元数据完整日期,high,2026-04-20 23:52:37
603365,水星家纺投资分析报告.md,603365/水星家纺投资分析报告.md,2026-04-24,内容-元数据完整日期,high,2026-04-24 00:48:00
603369,今世缘_稳健投资策略分析报告.md,603369/今世缘_稳健投资策略分析报告.md,2026-04-20,内容-元数据完整日期,high,2026-04-20 22:19:27
603501,豪威集团_稳健投资策略分析报告.md,603501/豪威集团_稳健投资策略分析报告.md,2026-04-22,内容-元数据完整日期,high,2026-04-22 21:47:14
603508,思维列控_投资分析报告.md,603508/思维列控_投资分析报告.md,2026-04-23,内容-元数据完整日期,high,2026-04-23 20:53:35
603519,立霸股份投资分析报告.md,603519/立霸股份投资分析报告.md,2026-04-23,内容-元数据完整日期,high,2026-04-23 21:11:22
603529,4月27日分析报告.md,603529/4月27日分析报告.md,2026-04-27,文件创建时间,low,2026-04-27 11:45:11
603529,爱玛科技_稳健投资策略分析报告.md,603529/爱玛科技_稳健投资策略分析报告.md,2026-05-14,内容-元数据完整日期,high,2026-04-22 22:23:50
603551,奥普科技_投资分析报告.md,603551/奥普科技_投资分析报告.md,2025-09-30,内容-2025三季报默认月日,medium,2026-04-23 21:13:01
603566,普莱柯_投资分析报告.md,603566/普莱柯_投资分析报告.md,2026-04-24,内容-元数据完整日期,high,2026-04-24 09:18:51
603569,长久物流_投资分析报告.md,603569/长久物流_投资分析报告.md,2026-04-23,内容-元数据完整日期,high,2026-04-23 23:59:38
603589,口子窖_稳健投资策略分析报告.md,603589/口子窖_稳健投资策略分析报告.md,2026-04-22,内容-元数据完整日期,high,2026-04-22 23:54:51
603605,珀莱雅_稳健投资策略分析报告.md,603605/珀莱雅_稳健投资策略分析报告.md,2026-04-20,内容-元数据完整日期,high,2026-04-20 22:12:51
603682,锦和商管投资分析报告.md,603682/锦和商管投资分析报告.md,2026-04-24,内容-元数据完整日期,high,2026-04-24 09:24:03
603801,志邦家居投资分析报告.md,603801/志邦家居投资分析报告.md,2026-04-23,内容-元数据完整日期,high,2026-04-23 21:11:23
603816.SH,顾家家居_稳健投资策略分析报告.md,603816.SH/顾家家居_稳健投资策略分析报告.md,2026-07-09,内容-元数据完整日期,high,2026-07-09 20:37:27
603816_2026-04-23,顾家家居_投资分析报告_20260423.md,603816_2026-04-23/顾家家居_投资分析报告_20260423.md,2026-04-23,文件名-完整日期,high,2026-04-23 17:00:26
603855,华荣股份投资分析报告.md,603855/华荣股份投资分析报告.md,2026-04-24,内容-元数据完整日期,high,2026-04-24 00:45:59
603886,元祖股份_稳健投资策略分析报告.md,603886/元祖股份_稳健投资策略分析报告.md,2026-04-23,内容-元数据完整日期,high,2026-04-23 21:02:21
603886,4月27日分析报告.md,603886/4月27日分析报告.md,2026-04-27,文件创建时间,low,2026-04-27 11:49:37
605266,健之佳投资分析报告.md,605266/健之佳投资分析报告.md,2026-04-23,内容-元数据完整日期,high,2026-04-24 00:01:41
605368,蓝天燃气_稳健投资策略分析报告_20250423.md,605368/蓝天燃气_稳健投资策略分析报告_20250423.md,2025-04-23,文件名-完整日期,high,2026-04-23 20:50:59
605377,华旺科技_稳健投资策略分析报告.md,605377/华旺科技_稳健投资策略分析报告.md,2026-06-01,内容-元数据完整日期,high,2026-06-01 20:00:16
605499,东鹏饮料_稳健投资策略分析报告.md,605499/东鹏饮料_稳健投资策略分析报告.md,2026-05-01,内容-元数据完整日期,high,2026-05-01 09:59:35
688169,石头科技_稳健投资策略分析报告.md,688169/石头科技_稳健投资策略分析报告.md,2026-05-01,内容-元数据完整日期,high,2026-05-01 10:03:19
HK0883,中国海洋石油_HK0883_稳健投资策略分析报告_2025.md,HK0883/中国海洋石油_HK0883_稳健投资策略分析报告_2025.md,2026-05-07,内容-元数据完整日期,high,2026-05-07 23:34:55
分析报告备份,欧派家居_稳健投资策略分析报告.md,分析报告备份/603833_截止到2025年3季报/欧派家居_稳健投资策略分析报告.md,2026-04-20,内容-元数据完整日期,high,2026-04-20 22:16:28
华润电力,华润电力_稳健投资策略分析报告_2025.md,华润电力/华润电力_稳健投资策略分析报告_2025.md,2026-05-08,内容-元数据完整日期,high,2026-05-08 16:01:33
周大生,周大生_002867_稳健投资策略分析报告.md,周大生/周大生_002867_稳健投资策略分析报告.md,2026-04-20,内容-元数据完整日期,high,2026-04-20 20:59:29
城投控股,城投控股_稳健投资策略分析报告.md,城投控股/城投控股_稳健投资策略分析报告.md,2026-05-02,内容-元数据完整日期,high,2026-05-02 21:00:19
欧派家居,投资分析报告.md,欧派家居/投资分析报告.md,2026-04-27,内容-元数据完整日期,high,2026-04-27 11:17:43
首创环保,首创环保_稳健投资策略分析报告_2025.md,首创环保/首创环保_稳健投资策略分析报告_2025.md,2026-04-23,内容-元数据完整日期,high,2026-04-23 21:10:19
