序号,代码,名称,市场代码简称,最新价(元) 2026.04.14,涨跌幅(%) 2026.04.14,证券类型,分红次数(次) 2025.12.31,分红次数(次) 2024.12.31,分红次数(次) 2023.12.31,分红次数(次) 2022.12.31,分红次数(次) 2021.12.31,销售毛利率平均值 2023.12.31 - 2025.12.31,销售净利率平均值 2023.12.31 - 2025.12.31,资本支出/折旧摊销/归属母公司股东的净利润 截至2026.04.14最新,经营活动产生的现金流量净额(元) 2025.12.31,经营活动产生的现金流量净额(元) 2024.12.31,经营活动产生的现金流量净额(元) 2023.12.31,资本支出/折旧摊销(%) 截至2026.04.14最新,归属母公司股东的净利润(元) 截至2026.04.14最新,净利润(元) 截至2026.04.14最新,涨跌额(元) 2026.04.14,最高价(元) 2026.04.14,最低价(元) 2026.04.14,换手率(%) 2026.04.14,量比 2026.04.14,成交量(股) 2026.04.14,成交额(元) 2026.04.14,市盈率(动)(倍) 2026.04.14,市净率(倍) 2026.04.14,总市值(元) 2026.04.14,流通市值(元) 2026.04.14
1,300357,我武生物,SZ,26.36,0.38,A股,1,2,1,1,1,95.21,33.86,0.00,-,2.62亿|2024年报,3.82亿|2023年报,326.25|2025半年报,3.45亿|2025三季报,3.35亿|2025三季报,0.100,26.40,25.62,2.44,1.14,1182.39万,3.07亿,10.01,5.3425,138.02亿,127.60亿
2,600211,西藏药业,SH,41.56,0.97,A股,2,3,2,1,1,94.49,31.42,0.00,10.05亿|2025年报,9.95亿|2024年报,10.63亿|2023年报,19.85|2025年报,9.38亿|2025年报,9.17亿|2025年报,0.400,41.59,40.89,0.77,0.77,249.01万,1.03亿,3.57,3.5266,133.96亿,133.96亿
3,300896,爱美客,SZ,116.44,2.29,A股,2,1,2,1,1,94.14,60.79,0.00,13.24亿|2025年报,19.27亿|2024年报,19.54亿|2023年报,226.28|2025年报,12.91亿|2025年报,13.02亿|2025年报,2.610,116.47,113.38,1.24,1.32,253.03万,2.91亿,6.82,4.6458,352.34亿,238.06亿
4,688278,特宝生物,SH,63.30,-0.31,A股,1,1,1,1,1,93.26,27.91,0.00,7.29亿|2025年报,4.31亿|2024年报,5.12亿|2023年报,175.28|2025年报,10.31亿|2025年报,10.31亿|2025年报,-0.200,64.00,62.80,0.46,0.75,188.77万,1.19亿,6.26,7.4903,258.38亿,258.38亿
5,600519,贵州茅台,SH,1446.90,0.25,A股,1,2,2,2,1,91.95,52.38,0.00,-,924.64亿|2024年报,665.93亿|2023年报,142.88|2025半年报,646.27亿|2025三季报,668.99亿|2025三季报,3.590,1448.60,1435.00,0.19,0.91,242.33万,34.93亿,7.01,7.9795,1.81万亿,1.81万亿
6,688088,虹软科技,SH,41.62,2.16,A股,1,2,1,1,1,90.39,17.42,0.00,-,1088.76万|2024年报,2.56亿|2023年报,71.03|2025半年报,1.42亿|2025三季报,1.42亿|2025三季报,0.880,41.98,41.13,1.24,1.03,496.80万,2.06亿,29.45,6.0932,166.97亿,166.97亿
7,603444,吉比特,SH,357.58,0.43,A股,3,3,1,2,1,90.10,33.80,0.00,27.96亿|2025年报,12.49亿|2024年报,11.86亿|2023年报,3.85|2025年报,17.94亿|2025年报,21.46亿|2025年报,1.530,359.99,354.50,1.98,0.80,142.41万,5.08亿,3.59,4.6747,257.60亿,257.60亿
8,300033,同花顺,SZ,239.59,1.93,A股,2,1,1,1,1,90.01,45.35,0.00,37.74亿|2025年报,23.16亿|2024年报,15.92亿|2023年报,184.29|2025年报,32.05亿|2025年报,32.05亿|2025年报,4.530,239.82,235.08,3.59,1.16,1573.69万,37.32亿,14.07,26.7150,1803.25亿,1050.39亿
9,002558,巨人网络,SZ,31.75,0.73,A股,1,2,2,1,1,88.13,43.15,0.00,-,10.34亿|2024年报,11.25亿|2023年报,186.96|2025半年报,14.17亿|2025三季报,14.31亿|2025三季报,0.230,32.05,31.10,3.68,0.94,6986.68万,22.10亿,10.65,3.9172,603.43亿,603.43亿
10,000568,泸州老窖,SZ,103.21,0.76,A股,1,2,1,1,1,87.92,43.61,0.00,-,191.82亿|2024年报,106.48亿|2023年报,184.96|2025半年报,107.62亿|2025三季报,107.95亿|2025三季报,0.780,103.31,101.60,0.52,1.21,760.58万,7.80亿,3.53,3.1862,1519.19亿,1518.48亿
11,300653,正海生物,SZ,19.72,0.51,A股,1,1,1,1,1,87.81,35.29,0.00,9719.07万|2025年报,1.51亿|2024年报,1.80亿|2023年报,39.90|2025年报,8241.01万|2025年报,8241.01万|2025年报,0.100,19.80,19.52,0.85,0.89,153.35万,3015.66万,10.77,3.9906,35.50亿,35.50亿
12,600276,恒瑞医药,SH,56.18,1.78,A股,1,1,1,1,1,85.67,21.93,0.00,112.35亿|2025年报,74.23亿|2024年报,76.44亿|2023年报,314.27|2025年报,77.11亿|2025年报,77.17亿|2025年报,0.980,56.31,54.80,0.90,0.96,5744.57万,31.84亿,12.09,6.0856,3728.78亿,3579.03亿
13,688111,金山办公,SH,248.53,6.33,A股,1,1,1,1,1,85.46,30.64,0.00,25.02亿|2025年报,21.96亿|2024年报,20.58亿|2023年报,76.61|2025年报,18.36亿|2025年报,18.22亿|2025年报,14.790,261.00,242.77,4.67,3.70,2165.39万,54.28亿,15.68,8.9498,1151.62亿,1151.62亿
14,000915,华特达因,SZ,31.00,0.16,A股,1,2,1,1,1,85.12,46.25,0.00,-,9.30亿|2024年报,11.75亿|2023年报,101.92|2025半年报,4.08亿|2025三季报,7.67亿|2025三季报,0.050,31.14,30.90,0.98,0.81,229.42万,7110.75万,4.45,2.5479,72.64亿,72.60亿
15,688318,财富趋势,SH,115.00,2.68,A股,1,2,1,1,1,84.76,78.42,0.00,1.75亿|2025年报,1.99亿|2024年报,2.38亿|2023年报,1121.41|2025年报,3.15亿|2025年报,3.15亿|2025年报,3.000,115.33,112.30,1.43,0.98,367.05万,4.18亿,23.35,7.6708,294.54亿,294.54亿
16,920735,德源药业,BJ,31.16,1.07,A股,1,1,1,1,1,83.50,20.74,0.00,1.57亿|2025年报,1.16亿|2024年报,9426.05万|2023年报,192.67|2025年报,2.37亿|2025年报,2.37亿|2025年报,0.330,31.21,30.51,1.25,0.59,129.18万,3985.25万,3.86,2.7971,36.56亿,32.33亿
17,002287,奇正藏药,SZ,23.14,0.35,A股,1,2,1,1,1,83.15,26.59,0.00,-,4.57亿|2024年报,6.93亿|2023年报,88.76|2025半年报,4.24亿|2025三季报,4.24亿|2025三季报,0.080,23.18,23.01,0.21,0.61,120.93万,2792.13万,7.81,2.6770,132.39亿,132.13亿
18,301207,华兰疫苗,SZ,20.03,1.42,A股,2,1,1,1,1,82.35,23.04,0.00,3.57亿|2025年报,4.68亿|2024年报,8.88亿|2023年报,6.87|2025年报,1.83亿|2025年报,1.83亿|2025年报,0.280,20.06,19.55,0.72,0.76,430.46万,8510.61万,16.45,2.1104,120.39亿,120.31亿
19,300039,上海凯宝,SZ,5.92,0.51,A股,1,1,1,1,1,80.94,22.98,0.00,-,2.79亿|2024年报,3.83亿|2023年报,77.54|2025半年报,1.87亿|2025三季报,1.87亿|2025三季报,0.030,5.92,5.84,1.13,0.65,1034.55万,6078.79万,8.28,1.3719,61.92亿,54.28亿
20,688314,康拓医疗,SH,50.57,-1.35,A股,2,2,1,1,1,79.95,27.38,0.00,1.18亿|2025年报,1.40亿|2024年报,8522.46万|2023年报,295.08|2025年报,9870.35万|2025年报,9774.83万|2025年报,-0.690,51.97,50.28,2.42,0.59,196.88万,1.00亿,10.41,5.7237,41.08亿,41.08亿
21,002315,焦点科技,SZ,41.21,1.18,A股,2,2,1,1,1,79.68,26.31,0.00,8.88亿|2025年报,7.06亿|2024年报,6.37亿|2023年报,28.32|2025年报,5.04亿|2025年报,5.05亿|2025年报,0.480,41.65,40.82,3.08,0.81,622.02万,2.56亿,6.49,4.7692,130.73亿,83.34亿
22,000596,古井贡酒,SZ,105.35,1.93,A股,1,2,1,1,1,79.49,23.77,0.00,-,47.28亿|2024年报,44.96亿|2023年报,245.14|2025半年报,39.60亿|2025三季报,40.83亿|2025三季报,1.990,105.95,103.55,0.70,1.14,284.37万,2.98亿,3.52,2.2335,556.88亿,430.46亿
23,688188,柏楚电子,SH,144.93,2.42,A股,2,2,1,1,1,79.20,52.92,0.00,11.04亿|2025年报,9.52亿|2024年报,8.61亿|2023年报,89.74|2025年报,11.13亿|2025年报,11.31亿|2025年报,3.430,147.39,143.11,0.63,0.95,183.31万,2.67亿,9.40,6.8939,418.46亿,418.46亿
24,002555,三七互娱,SZ,22.22,1.32,A股,3,4,2,2,2,79.07,15.60,0.00,-,29.98亿|2024年报,31.47亿|2023年报,225.29|2025半年报,23.45亿|2025三季报,23.45亿|2025三季报,0.290,22.36,22.03,1.76,0.72,2819.25万,6.25亿,5.24,3.7823,491.56亿,355.29亿
25,300573,兴齐眼药,SZ,68.40,0.88,A股,1,2,2,2,2,77.85,16.88,0.00,-,4.17亿|2024年报,3.18亿|2023年报,166.56|2025半年报,5.99亿|2025三季报,5.99亿|2025三季报,0.600,68.42,67.27,1.91,0.98,361.12万,2.45亿,7.04,8.9825,168.56亿,129.64亿
26,002832,比音勒芬,SZ,16.85,-1.00,A股,1,1,1,1,1,77.81,22.62,0.00,-,7.50亿|2024年报,12.96亿|2023年报,131.68|2025半年报,6.20亿|2025三季报,6.20亿|2025三季报,-0.170,17.11,16.72,1.73,0.87,672.29万,1.13亿,3.88,1.7622,96.16亿,65.62亿
27,600814,杭州解百,SH,7.62,0.26,A股,2,1,1,1,1,77.78,23.88,0.00,7.52亿|2025年报,6.88亿|2024年报,12.78亿|2023年报,20.36|2025年报,2.24亿|2025年报,3.81亿|2025年报,0.020,7.65,7.52,0.83,1.06,612.38万,4643.38万,6.24,1.4988,56.01亿,56.01亿
28,605098,行动教育,SH,54.68,-0.05,A股,2,3,2,1,2,77.15,33.71,0.00,-,4.00亿|2024年报,4.54亿|2023年报,20.90|2025半年报,2.15亿|2025三季报,2.17亿|2025三季报,-0.030,55.51,53.62,0.92,0.73,109.87万,5965.92万,7.59,7.2027,65.21亿,65.21亿
29,300009,安科生物,SZ,9.74,-0.31,A股,1,2,1,1,1,77.15,28.81,0.00,8.63亿|2025年报,6.85亿|2024年报,9.53亿|2023年报,100.06|2025年报,7.35亿|2025年报,7.47亿|2025年报,-0.030,9.83,9.59,1.59,0.92,1954.74万,1.89亿,5.54,3.5714,162.79亿,119.83亿
30,688163,赛伦生物,SH,30.96,-1.24,A股,1,2,1,1,1,76.88,21.56,0.00,-,5025.34万|2024年报,3281.99万|2023年报,390.31|2025半年报,6421.07万|2025三季报,6421.07万|2025三季报,-0.390,31.59,30.51,2.23,0.76,241.32万,7448.61万,13.04,3.0115,33.50亿,33.50亿
31,300406,九强生物,SZ,11.99,0.59,A股,2,1,1,1,1,76.58,31.00,0.00,-,6.14亿|2024年报,5.85亿|2023年报,64.20|2025半年报,2.72亿|2025三季报,2.73亿|2025三季报,0.070,12.00,11.83,0.51,0.82,218.52万,2601.11万,6.45,1.8964,70.30亿,50.88亿
32,000858,五 粮 液,SZ,103.10,0.66,A股,1,2,1,1,1,76.42,37.54,0.00,-,339.40亿|2024年报,417.42亿|2023年报,153.48|2025半年报,215.11亿|2025三季报,222.12亿|2025三季报,0.680,103.40,101.88,0.31,1.15,1206.96万,12.38亿,4.65,3.0206,4001.94亿,4001.77亿
33,301047,义翘神州,SZ,74.94,2.69,A股,2,1,1,1,1,76.21,27.08,0.00,1.46亿|2025年报,1.14亿|2024年报,3.23亿|2023年报,99.78|2025年报,1.48亿|2025年报,1.48亿|2025年报,1.960,75.10,72.83,1.59,1.79,190.26万,1.41亿,15.43,1.7151,91.15亿,89.61亿
34,688289,圣湘生物,SH,18.29,1.11,A股,1,2,2,2,2,74.73,25.04,0.00,-,2.74亿|2024年报,4353.96万|2023年报,100.07|2025半年报,1.91亿|2025三季报,1.62亿|2025三季报,0.200,18.29,17.96,0.70,1.16,404.12万,7309.94万,13.85,1.4888,105.97亿,105.97亿
35,300957,贝泰妮,SZ,37.37,0.59,A股,1,1,1,1,1,73.82,11.19,0.00,-,6.95亿|2024年报,6.10亿|2023年报,323.63|2025半年报,2.72亿|2025三季报,2.76亿|2025三季报,0.220,37.59,36.99,1.12,1.23,475.24万,1.77亿,14.56,2.6590,158.30亿,158.30亿
36,300595,欧普康视,SZ,14.31,1.42,A股,2,1,1,1,1,73.57,35.16,0.00,7.30亿|2025年报,6.85亿|2024年报,7.23亿|2023年报,63.14|2025年报,4.80亿|2025年报,5.44亿|2025年报,0.200,14.32,14.12,0.89,1.00,598.05万,8498.08万,6.68,2.6083,128.12亿,95.66亿
37,688016,心脉医疗,SH,100.95,0.88,A股,2,2,1,1,1,73.51,40.98,0.00,5.73亿|2025年报,3.74亿|2024年报,5.58亿|2023年报,337.80|2025年报,5.63亿|2025年报,5.55亿|2025年报,0.880,101.19,99.52,1.34,0.83,165.23万,1.66亿,5.52,3.0533,124.43亿,124.43亿
38,002275,桂林三金,SZ,14.12,0.14,A股,1,2,2,2,2,73.20,21.59,0.00,-,5.88亿|2024年报,5.49亿|2023年报,265.09|2025半年报,3.85亿|2025三季报,3.85亿|2025三季报,0.020,14.16,13.96,0.37,0.74,205.30万,2881.22万,5.38,2.6528,82.96亿,78.94亿
39,603983,丸美生物,SH,24.59,0.65,A股,2,2,1,1,1,72.89,10.38,0.00,2.74亿|2025年报,3.01亿|2024年报,3.38亿|2023年报,320.77|2025年报,2.47亿|2025年报,2.47亿|2025年报,0.160,24.61,24.25,0.35,0.66,140.34万,3426.36万,9.97,2.9601,98.61亿,98.61亿
40,600570,恒生电子,SH,26.93,0.90,A股,1,1,1,1,1,72.64,19.29,0.00,10.67亿|2025年报,8.68亿|2024年报,12.61亿|2023年报,130.45|2025年报,12.31亿|2025年报,12.86亿|2025年报,0.240,27.02,26.51,1.34,0.95,2530.12万,6.77亿,10.36,5.1783,509.96亿,509.96亿
41,301215,中汽股份,SZ,6.09,0.16,A股,1,2,1,1,1,72.40,43.95,0.00,-,2.43亿|2024年报,2.25亿|2023年报,116.32|2025半年报,1.60亿|2025三季报,1.60亿|2025三季报,0.010,6.14,6.03,0.53,0.73,698.70万,4238.47万,12.60,2.8102,80.63亿,80.53亿
42,688617,惠泰医疗,SH,257.00,0.35,A股,1,1,1,1,1,72.15,31.59,0.00,9.68亿|2025年报,7.43亿|2024年报,6.89亿|2023年报,253.12|2025年报,8.21亿|2025年报,8.08亿|2025年报,0.900,260.00,253.20,0.69,0.83,97.24万,2.48亿,11.04,11.7357,362.48亿,362.48亿
43,000423,东阿阿胶,SZ,54.74,0.26,A股,2,2,1,1,1,72.04,25.56,0.00,22.89亿|2025年报,21.71亿|2024年报,19.53亿|2023年报,51.61|2025年报,17.39亿|2025年报,17.39亿|2025年报,0.140,54.87,54.07,0.86,0.76,555.89万,3.02亿,5.07,3.4104,352.51亿,351.90亿
44,603605,珀莱雅,SH,60.08,-0.41,A股,1,1,2,1,1,70.66,14.27,0.00,-,11.07亿|2024年报,14.69亿|2023年报,59.70|2025半年报,10.26亿|2025三季报,10.55亿|2025三季报,-0.250,60.73,59.62,0.84,1.28,334.13万,2.00亿,5.80,4.2349,237.90亿,237.90亿
45,688366,昊海生科,SH,39.02,0.52,A股,2,2,1,1,1,70.17,12.63,0.00,4.91亿|2025年报,6.49亿|2024年报,6.34亿|2023年报,90.41|2025年报,2.51亿|2025年报,2.08亿|2025年报,0.200,39.04,38.60,0.19,0.86,36.51万,1416.16万,8.94,1.6551,89.74亿,75.72亿
46,603998,方盛制药,SH,10.61,0.38,A股,2,3,2,2,1,69.97,12.54,0.00,-,1.95亿|2024年报,8753.79万|2023年报,107.15|2025半年报,2.68亿|2025三季报,2.65亿|2025三季报,0.040,10.63,10.44,1.56,0.70,686.68万,7217.97万,4.34,2.9005,46.59亿,46.59亿
47,688236,春立医疗,SH,20.41,0.10,A股,2,2,1,1,1,68.38,21.51,0.00,4.05亿|2025年报,-189.96万|2024年报,5.12亿|2023年报,141.44|2025年报,2.73亿|2025年报,2.73亿|2025年报,0.020,20.74,20.17,0.55,0.80,158.63万,3224.04万,7.18,2.6222,78.29亿,58.87亿
48,603383,顶点软件,SH,31.94,9.99,A股,1,2,1,1,1,68.10,30.31,0.00,-,1.93亿|2024年报,2.31亿|2023年报,30.18|2025半年报,1.03亿|2025三季报,1.02亿|2025三季报,2.900,31.94,29.23,4.74,2.51,973.33万,3.02亿,15.88,4.6222,65.60亿,65.60亿
49,300768,迪普科技,SZ,17.49,8.57,A股,1,1,1,1,1,68.05,13.10,0.00,-,3.28亿|2024年报,1.26亿|2023年报,100.79|2025半年报,4600.28万|2026一季报,4600.28万|2026一季报,1.380,17.72,16.89,5.09,4.42,2142.89万,3.71亿,61.20,3.1801,112.61亿,73.57亿
50,920227,美登科技,BJ,60.70,1.54,A股,1,1,1,1,1,68.01,30.84,0.00,4946.91万|2025年报,4325.74万|2024年报,4691.69万|2023年报,4.43|2025年报,4332.29万|2025年报,4255.10万|2025年报,0.920,61.80,59.78,3.58,0.82,63.36万,3854.03万,13.64,5.6872,23.64亿,10.75亿
51,300146,汤臣倍健,SZ,11.12,2.11,A股,1,1,1,1,1,67.82,13.81,0.00,12.14亿|2025年报,6.86亿|2024年报,20.51亿|2023年报,45.10|2025年报,7.82亿|2025年报,8.17亿|2025年报,0.230,11.29,11.02,1.41,1.52,1576.77万,1.75亿,6.01,1.8166,188.11亿,124.62亿
52,603387,基蛋生物,SH,9.82,-1.60,A股,1,2,2,1,1,67.80,20.24,0.00,-,4.23亿|2024年报,3.33亿|2023年报,181.33|2025半年报,1.61亿|2025三季报,1.50亿|2025三季报,-0.160,10.06,9.69,6.00,0.68,3043.00万,2.99亿,7.76,1.8507,49.80亿,49.80亿
53,688526,科前生物,SH,15.07,1.69,A股,1,1,1,1,1,67.61,40.53,0.00,4.69亿|2025年报,3.93亿|2024年报,5.38亿|2023年报,108.92|2025年报,4.19亿|2025年报,4.17亿|2025年报,0.250,15.07,14.77,0.47,0.74,219.30万,3275.59万,4.19,1.6572,70.25亿,70.25亿
54,600702,舍得酒业,SH,45.90,2.50,A股,1,1,1,1,1,67.37,12.06,0.00,-5.23亿|2025年报,-7.08亿|2024年报,7.15亿|2023年报,251.60|2025年报,2.23亿|2025年报,2.11亿|2025年报,1.120,46.22,44.71,2.19,1.77,728.11万,3.32亿,17.12,2.2176,152.74亿,152.67亿
55,600535,天士力,SH,13.96,0.65,A股,2,3,1,1,1,66.93,11.57,0.00,14.25亿|2025年报,20.15亿|2024年报,25.76亿|2023年报,82.06|2025年报,11.05亿|2025年报,10.61亿|2025年报,0.090,13.97,13.77,0.50,0.85,753.63万,1.04亿,4.72,1.6813,208.56亿,208.56亿
56,003008,开普检测,SZ,23.27,-0.09,A股,3,3,1,1,1,66.83,35.79,0.00,1.22亿|2025年报,1.09亿|2024年报,1.07亿|2023年报,51.37|2025年报,8819.34万|2025年报,8819.34万|2025年报,-0.020,23.75,23.02,2.49,0.79,193.78万,4511.13万,6.86,2.2792,24.20亿,18.09亿
57,002818,富森美,SZ,10.69,0.56,A股,2,2,2,2,1,66.79,50.23,0.00,12.46亿|2025年报,8.16亿|2024年报,6.29亿|2023年报,15.01|2025年报,5.55亿|2025年报,5.68亿|2025年报,0.060,10.72,10.60,0.60,0.78,178.56万,1899.98万,3.60,1.4315,80.01亿,31.89亿
58,688029,南微医学,SH,75.20,-0.01,A股,1,2,1,1,1,66.08,20.57,0.00,-,6.13亿|2024年报,5.46亿|2023年报,264.70|2025半年报,5.09亿|2025三季报,5.30亿|2025三季报,-0.010,75.80,73.20,1.22,1.18,229.13万,1.70亿,6.93,3.4382,141.26亿,141.26亿
59,002027,分众传媒,SZ,6.30,1.29,A股,2,2,1,2,2,65.87,40.84,0.00,-,66.42亿|2024年报,76.78亿|2023年报,6.86|2025半年报,42.40亿|2025三季报,42.27亿|2025三季报,0.080,6.32,6.16,0.90,1.08,1.31亿,8.16亿,5.36,6.3622,909.86亿,909.86亿
60,688161,威高骨科,SH,31.34,1.75,A股,2,3,1,1,1,65.71,14.17,0.00,4.15亿|2025年报,2.74亿|2024年报,1.19亿|2023年报,23.52|2025年报,2.69亿|2025年报,2.74亿|2025年报,0.540,31.41,30.30,0.66,0.97,265.40万,8164.29万,11.67,3.0247,125.36亿,125.36亿
61,300628,亿联网络,SZ,35.99,-0.28,A股,1,2,2,1,1,65.58,46.67,0.00,-,25.09亿|2024年报,18.02亿|2023年报,21.23|2025半年报,19.58亿|2025三季报,19.58亿|2025三季报,-0.100,36.23,35.63,1.17,1.10,847.94万,3.05亿,5.82,4.8882,455.90亿,261.18亿
62,603508,思维列控,SH,24.35,-0.90,A股,2,2,1,1,1,65.30,37.17,0.00,6.72亿|2025年报,4.39亿|2024年报,2.88亿|2023年报,36.20|2025年报,5.56亿|2025年报,5.72亿|2025年报,-0.220,24.72,24.04,1.46,1.43,557.98万,1.35亿,4.17,2.3184,92.84亿,92.84亿
63,000513,丽珠集团,SZ,33.85,0.83,A股,1,1,1,1,1,65.14,18.28,0.00,31.45亿|2025年报,29.79亿|2024年报,32.49亿|2023年报,91.64|2025年报,20.23亿|2025年报,24.11亿|2025年报,0.280,33.90,33.45,0.79,0.81,448.73万,1.51亿,3.71,2.1641,300.56亿,192.32亿
64,301162,国能日新,SZ,69.33,6.20,A股,2,1,1,1,1,65.10,17.87,0.00,9574.27万|2025年报,6814.56万|2024年报,6726.22万|2023年报,336.42|2025年报,1.30亿|2025年报,1.32亿|2025年报,4.050,70.64,65.67,4.80,1.55,409.13万,2.81亿,17.64,5.8033,91.92亿,59.09亿
65,300306,远方信息,SZ,12.51,1.21,A股,2,1,1,1,1,64.93,21.20,0.00,8618.94万|2025年报,1.15亿|2024年报,1.49亿|2023年报,27.98|2025年报,7149.09万|2025年报,7616.99万|2025年报,0.150,12.55,12.26,2.04,1.20,321.27万,3987.12万,11.77,2.2606,33.65亿,19.72亿
66,300059,东方财富,SZ,20.15,0.70,A股,1,1,1,1,1,64.86,77.32,0.00,-102.22亿|2025年报,445.88亿|2024年报,-31.38亿|2023年报,35.93|2025年报,120.85亿|2025年报,120.85亿|2025年报,0.140,20.28,19.84,2.02,0.81,2.69亿,53.85亿,6.59,3.4661,3184.51亿,2687.56亿
67,300445,康斯特,SZ,21.47,5.56,A股,1,1,1,1,1,64.38,20.09,0.00,1.93亿|2025年报,1.84亿|2024年报,1.09亿|2023年报,46.01|2025年报,1.04亿|2025年报,1.05亿|2025年报,1.130,21.67,20.46,5.20,2.12,731.41万,1.54亿,10.92,3.5593,45.61亿,30.18亿
68,000429,粤高速Ａ,SZ,12.61,0.32,A股,1,1,1,1,1,64.38,49.35,0.00,35.59亿|2025年报,32.56亿|2024年报,38.32亿|2023年报,235.67|2025年报,18.01亿|2025年报,24.89亿|2025年报,0.040,12.78,12.50,0.47,1.02,608.92万,7674.83万,3.66,2.3718,263.65亿,164.35亿
69,600750,华润江中,SH,25.96,1.41,A股,2,2,2,2,2,64.31,20.09,0.00,9.71亿|2025年报,7.86亿|2024年报,10.39亿|2023年报,184.20|2025年报,9.07亿|2025年报,9.88亿|2025年报,0.360,26.05,25.52,0.56,0.64,354.86万,9185.44万,4.55,4.0925,165.01亿,163.21亿
70,688686,奥普特,SH,105.65,-1.87,A股,1,2,1,2,1,62.89,16.86,0.00,1.40亿|2025年报,814.45万|2024年报,2.02亿|2023年报,88.35|2025年报,1.86亿|2025年报,1.92亿|2025年报,-2.010,110.00,103.00,2.70,1.88,330.11万,3.46亿,17.34,4.2196,129.14亿,129.14亿
71,002007,华兰生物,SZ,14.94,1.08,A股,2,1,1,1,1,62.86,27.04,0.00,8.78亿|2025年报,10.59亿|2024年报,13.46亿|2023年报,70.08|2025年报,9.40亿|2025年报,10.00亿|2025年报,0.160,14.97,14.68,0.92,1.67,1446.11万,2.14亿,7.26,2.3740,273.02亿,235.04亿
72,002322,理工能科,SZ,13.95,1.16,A股,2,2,1,1,1,62.60,22.66,0.00,4.00亿|2025年报,2.02亿|2024年报,3.35亿|2023年报,4.59|2025年报,2.15亿|2025年报,2.15亿|2025年报,0.160,14.32,13.78,1.92,1.17,674.23万,9423.30万,5.94,1.8111,50.99亿,49.02亿
73,300760,迈瑞医疗,SZ,160.46,1.60,A股,4,3,2,1,1,62.54,30.17,0.00,101.45亿|2025年报,124.32亿|2024年报,110.62亿|2023年报,116.64|2025年报,81.36亿|2025年报,84.51亿|2025年报,2.520,161.57,156.91,0.74,1.13,891.08万,14.15亿,5.98,5.1072,1945.48亿,1943.81亿
74,600380,健康元,SH,11.02,0.92,A股,1,1,1,1,1,62.43,18.35,0.00,38.92亿|2025年报,36.36亿|2024年报,39.29亿|2023年报,84.71|2025年报,13.36亿|2025年报,28.65亿|2025年报,0.100,11.03,10.83,0.68,0.90,1249.63万,1.36亿,3.77,1.3281,201.61亿,201.61亿
75,688150,莱特光电,SH,48.08,-0.66,A股,1,2,1,1,1,62.32,30.55,0.00,-,2.28亿|2024年报,6632.43万|2023年报,234.28|2025半年报,1.80亿|2025三季报,1.80亿|2025三季报,-0.320,49.85,47.50,3.24,0.80,1304.08万,6.32亿,26.89,10.0986,193.49亿,193.49亿
76,603919,金徽酒,SH,17.99,1.70,A股,2,1,1,1,1,62.18,12.27,0.00,4.80亿|2025年报,5.58亿|2024年报,4.50亿|2023年报,296.37|2025年报,3.54亿|2025年报,3.37亿|2025年报,0.300,18.01,17.61,1.05,1.24,532.88万,9497.93万,6.44,2.7399,91.26亿,91.26亿
77,688179,阿拉丁,SH,17.83,-1.38,A股,1,2,1,1,1,61.88,21.50,0.00,-,1.52亿|2024年报,5578.78万|2023年报,111.02|2025半年报,5776.03万|2025三季报,7716.20万|2025三季报,-0.250,18.27,17.33,3.55,0.94,1207.23万,2.14亿,26.26,5.4225,60.68亿,60.68亿
78,688112,鼎阳科技,SH,48.86,-1.27,A股,1,1,1,1,1,61.28,26.12,0.00,1.80亿|2025年报,1.18亿|2024年报,1.06亿|2023年报,92.41|2025年报,1.43亿|2025年报,1.43亿|2025年报,-0.630,53.00,48.50,3.66,1.36,584.71万,2.90亿,13.67,4.8603,77.98亿,77.98亿
79,600382,广东明珠,SH,9.48,1.50,A股,1,1,1,1,1,61.14,11.77,0.00,-,-1006.53万|2024年报,1595.65万|2023年报,156.18|2025半年报,2.34亿|2025三季报,2.34亿|2025三季报,0.140,9.65,9.34,3.01,0.81,2092.97万,1.98亿,7.04,2.4274,65.83亿,65.83亿
80,603566,普莱柯,SH,12.69,0.55,A股,1,1,2,1,1,61.05,11.42,0.00,-,2.69亿|2024年报,2.83亿|2023年报,48.72|2025半年报,1.57亿|2025三季报,1.57亿|2025三季报,0.070,12.71,12.47,1.02,0.79,352.34万,4444.72万,6.99,1.7034,43.92亿,43.92亿
81,605086,龙高股份,SH,33.85,0.30,A股,2,3,1,1,1,60.97,39.51,0.00,1.20亿|2025年报,1.53亿|2024年报,1.56亿|2023年报,36.59|2025年报,1.21亿|2025年报,1.21亿|2025年报,0.100,34.41,33.58,0.99,1.36,176.54万,5974.01万,12.50,4.5958,60.66亿,60.66亿
82,688117,圣诺生物,SH,36.88,-2.25,A股,1,1,1,1,1,60.86,13.55,0.00,-,2527.33万|2024年报,8478.32万|2023年报,273.48|2025半年报,1.27亿|2025三季报,1.27亿|2025三季报,-0.850,37.69,36.35,2.94,1.21,462.07万,1.70亿,11.43,5.4476,58.04亿,58.04亿
83,601619,嘉泽新能,SH,5.49,-2.49,A股,2,2,1,1,1,60.33,29.39,0.00,27.50亿|2025年报,17.86亿|2024年报,14.83亿|2023年报,183.40|2025年报,7.14亿|2025年报,7.15亿|2025年报,-0.140,5.66,5.41,5.44,1.73,1.33亿,7.29亿,5.60,2.0307,159.91亿,133.66亿
84,003020,立方制药,SZ,24.12,0.71,A股,1,2,1,1,1,60.32,11.17,0.00,-,1.98亿|2024年报,2.04亿|2023年报,140.13|2025半年报,1.21亿|2025三季报,1.23亿|2025三季报,0.170,24.17,23.74,1.03,0.76,142.03万,3396.88万,9.48,2.6050,45.87亿,33.22亿
85,605028,世茂能源,SH,28.44,0.67,A股,2,2,1,2,2,60.21,51.09,0.00,1.95亿|2025年报,2.30亿|2024年报,2.72亿|2023年报,135.56|2025年报,1.72亿|2025年报,1.72亿|2025年报,0.190,28.46,27.78,0.92,0.78,147.16万,4149.47万,6.60,3.3174,45.50亿,45.50亿
86,000989,九芝堂,SZ,9.49,0.85,A股,1,1,1,1,1,59.86,10.24,0.00,4.26亿|2025年报,1.99亿|2024年报,1.09亿|2023年报,31.29|2025年报,2.23亿|2025年报,2.60亿|2025年报,0.080,9.50,9.37,1.54,0.60,1067.43万,1.01亿,9.12,2.1825,81.23亿,65.88亿
87,688008,澜起科技,SH,153.36,0.70,A股,2,1,1,1,1,59.76,31.87,0.00,20.22亿|2025年报,16.91亿|2024年报,7.31亿|2023年报,155.64|2025年报,22.36亿|2025年报,21.30亿|2025年报,1.060,160.00,153.06,5.50,1.57,6301.32万,98.66亿,20.96,14.5033,1874.37亿,1758.16亿
88,002864,盘龙药业,SZ,31.93,-0.22,A股,1,2,1,1,1,59.37,11.84,0.00,-,1.57亿|2024年报,1.04亿|2023年报,173.14|2025半年报,8980.59万|2025三季报,8960.24万|2025三季报,-0.070,32.19,31.50,3.24,0.71,240.32万,7628.15万,9.45,2.0152,33.94亿,23.69亿
89,300938,信测标准,SZ,45.02,11.99,A股,1,1,1,1,1,59.08,25.40,0.00,2.14亿|2025年报,2.35亿|2024年报,2.05亿|2023年报,147.28|2025年报,1.96亿|2025年报,2.04亿|2025年报,4.820,46.60,39.80,8.53,1.66,1802.44万,7.77亿,13.96,5.8825,109.62亿,95.15亿
90,600633,浙数文化,SH,12.76,1.51,A股,2,2,1,1,1,58.56,19.41,0.00,6.20亿|2025年报,2.43亿|2024年报,8.40亿|2023年报,54.41|2025年报,5.73亿|2025年报,5.64亿|2025年报,0.190,12.83,12.62,1.48,0.83,1877.01万,2.39亿,7.06,1.5790,161.81亿,161.81亿
91,688358,祥生医疗,SH,29.76,1.54,A股,1,1,1,1,1,58.52,30.13,0.00,-,1.41亿|2024年报,8590.78万|2023年报,157.42|2025半年报,9392.05万|2025三季报,9392.05万|2025三季报,0.450,30.25,29.32,0.78,0.98,87.84万,2596.33万,8.88,2.4715,33.37亿,33.32亿
92,600900,长江电力,SH,26.42,0.00,A股,1,2,1,1,1,58.48,37.38,0.00,-,596.48亿|2024年报,647.49亿|2023年报,63.72|2025半年报,281.93亿|2025三季报,285.55亿|2025三季报,0.000,26.50,26.32,0.29,1.00,7011.66万,18.49亿,5.73,2.9874,6464.50亿,6464.50亿
93,600007,中国国贸,SH,21.25,0.09,A股,1,1,2,1,1,57.96,32.03,0.00,15.75亿|2025年报,17.96亿|2024年报,19.19亿|2023年报,17.48|2025年报,12.02亿|2025年报,12.03亿|2025年报,0.020,21.47,21.11,0.17,0.56,168.80万,3583.82万,4.45,2.1960,214.05亿,214.05亿
94,300206,理邦仪器,SZ,14.93,0.95,A股,1,1,1,1,1,57.87,11.91,0.00,3.53亿|2025年报,3.71亿|2024年报,1.51亿|2023年报,148.49|2025年报,3.06亿|2025年报,3.08亿|2025年报,0.140,15.08,14.72,2.22,0.76,752.82万,1.12亿,7.08,3.9469,86.54亿,50.52亿
95,688067,爱威科技,SH,26.37,-1.53,A股,1,1,1,1,1,57.86,10.99,0.00,-,2241.09万|2024年报,2273.01万|2023年报,21.78|2025半年报,2923.75万|2025三季报,2923.75万|2025三季报,-0.410,27.22,26.08,1.71,0.75,115.99万,3064.19万,15.33,3.4857,17.93亿,17.93亿
96,688385,复旦微电,SH,70.20,4.50,A股,1,1,1,1,1,57.78,13.94,0.00,7.84亿|2025年报,7.32亿|2024年报,-7.08亿|2023年报,67.19|2025年报,2.32亿|2025年报,2.02亿|2025年报,3.020,70.66,67.53,2.18,1.20,1177.49万,8.17亿,62.22,9.3642,578.25亿,378.65亿
97,301129,瑞纳智能,SZ,25.92,0.47,A股,1,1,1,1,1,57.67,16.74,0.00,-,2920.43万|2024年报,-7134.91万|2023年报,129.04|2025半年报,-4656.16万|2025三季报,-4656.16万|2025三季报,0.120,26.25,25.67,2.33,0.83,154.26万,3988.66万,-18.91,2.0901,35.22亿,17.18亿
98,002972,科安达,SZ,12.94,0.08,A股,2,2,1,1,1,57.61,25.34,0.00,1.93亿|2025年报,1.80亿|2024年报,-3355.74万|2023年报,85.47|2025年报,8743.47万|2025年报,8722.43万|2025年报,0.010,13.20,12.81,2.63,0.59,353.87万,4581.73万,9.10,2.5919,31.83亿,17.42亿
99,300508,维宏股份,SZ,38.67,0.18,A股,1,1,1,1,1,57.56,15.13,0.00,8973.54万|2025年报,7331.93万|2024年报,1.21亿|2023年报,72.56|2025年报,8781.05万|2025年报,8756.91万|2025年报,0.070,39.15,38.00,2.42,0.99,198.40万,7638.42万,11.98,4.8863,42.09亿,31.71亿
100,688093,世华科技,SH,34.01,1.40,A股,1,2,1,1,1,57.54,36.51,0.00,-,2.29亿|2024年报,1.71亿|2023年报,1014.60|2025半年报,3.16亿|2025三季报,3.16亿|2025三季报,0.470,34.39,33.73,0.92,0.99,258.76万,8812.51万,7.53,3.4170,95.36亿,95.36亿
101,600062,华润双鹤,SH,18.18,0.17,A股,2,2,1,2,1,57.41,14.33,0.00,14.90亿|2025年报,18.25亿|2024年报,18.59亿|2023年报,77.98|2025年报,16.47亿|2025年报,16.83亿|2025年报,0.030,18.25,18.00,0.80,0.85,826.64万,1.49亿,2.87,1.6230,188.81亿,187.80亿
102,002393,力生制药,SZ,23.32,0.60,A股,2,1,1,1,1,56.58,25.22,0.00,2.47亿|2025年报,8826.34万|2024年报,2.00亿|2023年报,46.77|2025年报,4.16亿|2025年报,4.23亿|2025年报,0.140,23.33,22.82,1.76,0.83,441.68万,1.02亿,3.61,1.3199,60.07亿,58.37亿
103,600033,福建高速,SH,3.63,-0.82,A股,1,2,1,1,1,56.22,35.69,0.00,-,20.86亿|2024年报,21.00亿|2023年报,78.50|2025半年报,8.22亿|2025三季报,10.10亿|2025三季报,-0.030,3.67,3.61,0.96,0.87,2631.45万,9558.89万,3.03,0.8102,99.62亿,99.62亿
104,603688,石英股份,SH,49.96,-1.21,A股,1,1,2,1,1,56.02,37.41,0.00,-5983.50万|2025年报,8.29亿|2024年报,38.44亿|2023年报,71.27|2025年报,1.53亿|2025年报,1.47亿|2025年报,-0.610,51.40,49.19,5.31,1.00,2874.04万,14.32亿,44.12,4.6517,270.62亿,270.62亿
105,300314,戴维医疗,SZ,12.81,0.47,A股,1,1,1,1,1,55.88,16.55,0.00,8924.97万|2025年报,9386.68万|2024年报,1.35亿|2023年报,186.16|2025年报,8705.33万|2025年报,8705.33万|2025年报,0.060,12.88,12.60,1.97,0.74,283.08万,3602.45万,10.59,2.9922,36.89亿,18.41亿
106,300294,博雅生物,SZ,18.70,0.75,A股,2,2,1,1,1,55.77,12.56,0.00,6116.27万|2025年报,3.00亿|2024年报,6.42亿|2023年报,324.94|2025年报,1.13亿|2025年报,1.13亿|2025年报,0.140,18.72,18.45,0.82,0.92,415.29万,7706.17万,20.92,1.2678,94.29亿,94.29亿
107,603367,辰欣药业,SH,16.22,1.19,A股,2,2,1,1,1,55.75,12.35,0.00,4.66亿|2025年报,5.71亿|2024年报,4.51亿|2023年报,32.12|2025年报,4.21亿|2025年报,4.26亿|2025年报,0.190,16.24,15.75,2.69,0.86,1219.86万,1.95亿,4.36,1.1861,73.44亿,73.44亿
108,600329,达仁堂,SH,40.82,0.39,A股,2,1,1,1,1,55.40,28.34,0.00,4.61亿|2025年报,9.25亿|2024年报,6.88亿|2023年报,94.86|2025年报,21.31亿|2025年报,21.11亿|2025年报,0.160,40.89,40.31,0.58,1.12,329.53万,1.34亿,3.69,4.4278,314.35亿,231.49亿
109,002332,仙琚制药,SZ,8.95,0.45,A股,1,1,1,1,1,55.18,11.81,0.00,-,3.99亿|2024年报,5.95亿|2023年报,114.99|2025半年报,4.07亿|2025三季报,3.96亿|2025三季报,0.040,8.95,8.81,1.10,0.95,1085.00万,9628.81万,5.44,1.4775,88.53亿,88.12亿
110,300394,天孚通信,SZ,345.84,-1.47,A股,2,2,1,1,1,55.16,39.34,0.00,18.68亿|2025年报,12.63亿|2024年报,9.02亿|2023年报,234.54|2025年报,20.17亿|2025年报,20.18亿|2025年报,-5.160,363.00,343.80,5.77,1.05,4477.87万,157.19亿,33.32,48.8308,2688.62亿,2683.21亿
111,002222,福晶科技,SZ,85.52,-1.02,A股,1,2,2,1,1,54.97,26.41,0.00,-,2.18亿|2024年报,2.17亿|2023年报,210.24|2025半年报,2.18亿|2025三季报,2.44亿|2025三季报,-0.880,87.50,83.83,6.96,0.67,3256.24万,27.92亿,46.13,23.0288,402.16亿,400.36亿
112,600895,张江高科,SH,37.31,2.53,A股,2,2,1,1,1,54.49,39.97,0.00,3.97亿|2025年报,-24.01亿|2024年报,-27.85亿|2023年报,93.78|2025年报,9.86亿|2025年报,9.76亿|2025年报,0.920,37.76,36.51,1.99,1.04,3082.21万,11.40亿,14.65,4.2329,577.82亿,577.82亿
113,601518,吉林高速,SH,2.81,-1.06,A股,1,1,1,1,1,54.46,39.91,0.00,8.20亿|2025年报,7.85亿|2024年报,10.08亿|2023年报,7.26|2025年报,4.91亿|2025年报,5.37亿|2025年报,-0.030,2.84,2.78,2.01,1.39,3800.35万,1.07亿,2.71,0.9297,53.12亿,53.12亿
114,688281,华秦科技,SH,75.65,1.95,A股,2,2,1,1,1,54.23,31.37,0.00,-,3.18亿|2024年报,7464.52万|2023年报,410.29|2025半年报,2.43亿|2025三季报,2.17亿|2025三季报,1.450,75.99,73.45,1.02,0.96,276.89万,2.07亿,21.21,4.3805,206.20亿,206.20亿
115,000537,绿发电力,SZ,10.01,0.40,A股,1,1,1,1,1,54.12,29.21,0.00,-,18.00亿|2024年报,25.39亿|2023年报,445.14|2025半年报,8.05亿|2025三季报,12.02亿|2025三季报,0.040,10.15,9.92,1.74,0.92,3579.34万,3.58亿,6.39,1.0284,205.78亿,205.78亿
116,600621,华鑫股份,SH,14.28,0.07,A股,2,2,1,1,1,53.57,1976.72,0.00,43.70亿|2025年报,70.11亿|2024年报,-20.21亿|2023年报,51.60|2025年报,6.36亿|2025年报,6.36亿|2025年报,0.010,14.45,14.10,1.32,1.07,1396.99万,1.99亿,5.96,1.6471,151.50亿,151.50亿
117,300831,派瑞股份,SZ,17.11,2.27,A股,1,2,1,1,1,53.33,24.23,0.00,-,113.47万|2024年报,3223.45万|2023年报,265.46|2025半年报,555.96万|2025三季报,550.29万|2025三季报,0.380,17.88,16.81,9.02,1.15,1663.63万,2.88亿,246.21,5.9740,54.75亿,31.57亿
118,688279,峰岹科技,SH,169.28,-0.86,A股,1,1,1,1,1,53.09,35.94,0.00,2.28亿|2025年报,1.85亿|2024年报,1.11亿|2023年报,1398.43|2025年报,2.19亿|2025年报,2.19亿|2025年报,-1.470,172.50,169.00,1.42,0.81,132.79万,2.26亿,22.25,3.8254,194.87亿,158.38亿
119,000999,华润三九,SZ,27.42,0.18,A股,2,2,1,1,1,53.04,13.23,0.00,55.13亿|2025年报,44.02亿|2024年报,41.92亿|2023年报,88.88|2025年报,34.21亿|2025年报,41.66亿|2025年报,0.050,27.48,27.31,0.55,0.62,910.98万,2.49亿,3.33,2.0582,456.33亿,455.91亿
120,300941,创识科技,SZ,20.29,0.35,A股,1,2,1,1,1,53.03,28.80,0.00,-,1584.18万|2024年报,-88.01万|2023年报,21.96|2025半年报,1532.60万|2025三季报,1495.30万|2025三季报,0.070,20.52,20.12,1.86,0.70,197.83万,4012.87万,67.77,3.2578,41.54亿,21.57亿
121,688123,聚辰股份,SH,127.80,10.03,A股,1,1,1,1,1,52.90,22.58,0.00,3.99亿|2025年报,3.02亿|2024年报,1.03亿|2023年报,183.29|2025年报,3.64亿|2025年报,3.56亿|2025年报,11.650,129.85,117.30,11.34,1.99,1795.35万,22.26亿,13.91,7.7120,202.27亿,202.27亿
122,000828,东莞控股,SZ,10.05,1.62,A股,2,2,1,1,1,52.81,40.13,0.00,23.20亿|2025年报,13.73亿|2024年报,3.89亿|2023年报,468.02|2025年报,8.24亿|2025年报,8.01亿|2025年报,0.160,10.05,9.89,0.69,1.06,715.55万,7138.54万,3.17,1.0257,104.47亿,104.47亿
123,688301,奕瑞科技,SH,106.10,1.75,A股,1,1,1,1,1,52.80,28.38,0.00,13.02亿|2025年报,3.60亿|2024年报,3.40亿|2023年报,875.08|2025年报,6.50亿|2025年报,6.32亿|2025年报,1.820,106.61,104.40,1.06,0.79,211.68万,2.23亿,8.63,3.7709,224.35亿,212.62亿
124,603040,新坐标,SH,80.40,0.68,A股,2,3,2,1,1,52.62,32.07,0.00,-,2.41亿|2024年报,3.12亿|2023年报,92.48|2025半年报,2.09亿|2025三季报,2.16亿|2025三季报,0.540,80.42,78.26,1.34,1.38,181.90万,1.45亿,13.11,7.7210,109.71亿,109.14亿
125,603676,卫信康,SH,10.41,-0.38,A股,1,2,1,1,1,52.53,17.56,0.00,-,3.73亿|2024年报,2.41亿|2023年报,113.76|2025半年报,2.19亿|2025三季报,2.19亿|2025三季报,-0.040,10.57,10.24,0.47,0.85,203.42万,2105.11万,5.17,3.0966,45.30亿,45.30亿
126,002039,黔源电力,SZ,20.90,0.72,A股,2,2,1,1,1,52.48,25.75,0.00,24.34亿|2025年报,12.57亿|2024年报,18.06亿|2023年报,43.78|2025年报,6.00亿|2025年报,11.15亿|2025年报,0.150,20.98,20.45,4.26,0.89,1820.09万,3.78亿,3.72,2.0121,89.36亿,89.36亿
127,300711,广哈通信,SZ,25.10,1.99,A股,1,1,1,1,1,52.25,14.77,0.00,8846.48万|2025年报,7552.38万|2024年报,4963.23万|2023年报,157.60|2025年报,9581.36万|2025年报,1.24亿|2025年报,0.490,25.14,24.70,1.49,1.06,370.13万,9238.51万,18.37,4.5554,70.39亿,62.35亿
128,688606,奥泰生物,SH,60.71,-0.03,A股,1,2,1,1,1,52.25,29.42,0.00,-,3.30亿|2024年报,2476.37万|2023年报,633.49|2025半年报,1.90亿|2025三季报,1.90亿|2025三季报,-0.020,61.21,60.26,0.42,0.96,33.33万,2018.83万,6.34,1.2202,48.13亿,48.13亿
129,920976,视声智能,BJ,30.90,2.15,A股,2,2,1,1,1,52.21,19.35,0.00,6307.26万|2025年报,5127.56万|2024年报,5110.15万|2023年报,705.74|2025年报,6732.59万|2025年报,6732.59万|2025年报,0.650,30.96,30.29,2.26,0.65,99.52万,3045.66万,8.14,7.8510,21.92亿,13.63亿
130,601579,会稽山,SH,18.65,0.00,A股,1,1,1,1,1,51.89,12.49,0.00,2.38亿|2025年报,3.29亿|2024年报,3.83亿|2023年报,88.23|2025年报,2.45亿|2025年报,2.46亿|2025年报,0.000,18.65,18.34,1.70,0.67,817.08万,1.51亿,9.14,2.3741,89.42亿,89.42亿
131,600663,陆家嘴,SH,7.89,1.94,A股,1,2,1,1,1,51.87,13.83,0.00,-,13.16亿|2024年报,113.81亿|2023年报,281.67|2025半年报,10.62亿|2025三季报,14.12亿|2025三季报,0.150,7.91,7.76,0.29,1.35,919.57万,7220.21万,9.36,1.5804,397.27亿,248.98亿
132,002270,华明装备,SZ,26.75,-2.23,A股,3,3,2,2,2,51.74,28.14,0.00,6.04亿|2025年报,8.89亿|2024年报,6.22亿|2023年报,102.18|2025年报,7.10亿|2025年报,7.20亿|2025年报,-0.610,27.85,26.55,2.34,1.69,2094.25万,5.62亿,8.44,7.6297,239.74亿,239.74亿
133,002690,美亚光电,SZ,18.08,0.67,A股,1,1,1,1,1,51.70,29.56,0.00,9.62亿|2025年报,8.78亿|2024年报,6.75亿|2023年报,134.52|2025年报,7.19亿|2025年报,7.19亿|2025年报,0.120,18.13,17.94,0.72,0.69,311.90万,5621.13万,5.55,5.4495,159.51亿,78.42亿
134,600938,中国海油,SH,37.70,-1.08,A股,2,2,2,2,1,51.66,31.09,0.00,2090.42亿|2025年报,2208.91亿|2024年报,2097.43亿|2023年报,139.84|2025年报,1220.82亿|2025年报,1221.48亿|2025年报,-0.410,38.00,37.30,1.74,0.72,5207.22万,19.58亿,3.67,2.2322,1.79万亿,1127.23亿
135,002728,特一药业,SZ,10.88,-0.18,A股,1,1,1,1,1,51.56,11.85,0.00,2.44亿|2025年报,-2254.98万|2024年报,1.99亿|2023年报,113.93|2025年报,8167.16万|2025年报,8167.16万|2025年报,-0.020,11.00,10.68,4.98,0.69,1651.34万,1.78亿,17.10,3.0661,55.85亿,36.11亿
136,601016,节能风电,SH,4.08,0.74,A股,1,1,1,1,1,51.51,29.15,0.00,-,33.54亿|2024年报,33.10亿|2023年报,131.48|2025半年报,7.50亿|2025三季报,7.80亿|2025三季报,0.030,4.17,4.02,5.23,0.85,3.16亿,12.88亿,8.90,1.5169,267.01亿,246.36亿
137,002507,涪陵榨菜,SZ,12.36,0.08,A股,2,1,1,1,2,51.11,32.94,0.00,6.57亿|2025年报,8.17亿|2024年报,4.35亿|2023年报,375.29|2025年报,7.68亿|2025年报,7.68亿|2025年报,0.010,12.41,12.29,0.57,0.87,657.95万,8115.93万,4.64,1.6300,142.62亿,141.81亿
138,603860,中公高科,SH,31.30,-0.76,A股,1,1,1,1,1,50.92,17.79,0.00,7620.65万|2025年报,5097.46万|2024年报,6183.67万|2023年报,8.70|2025年报,4559.88万|2025年报,4495.46万|2025年报,-0.240,31.82,30.86,2.01,0.91,133.74万,4180.53万,11.44,2.4845,20.87亿,20.87亿
139,002223,鱼跃医疗,SZ,33.03,2.17,A股,2,2,1,1,1,50.75,26.83,0.00,-,18.16亿|2024年报,21.27亿|2023年报,42.28|2025半年报,14.66亿|2025三季报,14.66亿|2025三季报,0.700,33.05,32.20,0.91,0.89,855.60万,2.79亿,5.65,2.4857,331.12亿,310.53亿
140,600976,健民集团,SH,33.61,-0.97,A股,1,1,1,1,1,50.72,11.25,0.00,2.75亿|2025年报,2.34亿|2024年报,2.68亿|2023年报,140.13|2025年报,3.60亿|2025年报,3.65亿|2025年报,-0.330,33.99,33.28,1.89,0.88,289.89万,9733.84万,3.58,1.9409,51.56亿,51.52亿
141,300661,圣邦股份,SZ,75.22,0.83,A股,1,1,1,1,1,50.67,12.90,0.00,4.66亿|2025年报,5.49亿|2024年报,1.71亿|2023年报,128.91|2025年报,5.47亿|2025年报,5.34亿|2025年报,0.620,76.69,74.48,4.14,0.76,2478.53万,18.67亿,21.33,8.7820,466.77亿,450.49亿
142,002422,科伦药业,SZ,34.29,-1.10,A股,2,2,1,1,1,50.66,12.63,0.00,26.42亿|2025年报,44.93亿|2024年报,53.37亿|2023年报,114.23|2025年报,17.02亿|2025年报,18.77亿|2025年报,-0.380,34.94,33.80,1.30,0.78,1700.98万,5.82亿,8.05,2.2621,547.97亿,447.79亿
143,688002,睿创微纳,SH,120.38,1.08,A股,2,2,1,1,1,50.56,12.61,0.00,18.56亿|2025年报,4.50亿|2024年报,4.91亿|2023年报,151.55|2025年报,11.25亿|2025年报,9.91亿|2025年报,1.290,121.37,118.77,1.46,0.62,680.82万,8.18亿,12.46,8.4298,560.65亿,560.65亿
144,002508,老板电器,SZ,19.93,-0.50,A股,1,2,2,1,1,50.16,14.59,0.00,-,16.60亿|2024年报,23.92亿|2023年报,133.08|2025半年报,11.57亿|2025三季报,11.45亿|2025三季报,-0.100,20.20,19.80,0.52,0.91,488.40万,9739.15万,4.07,1.6500,188.33亿,186.06亿
145,688312,燕麦科技,SH,62.76,-1.94,A股,1,1,1,1,1,50.04,20.27,0.00,1.73亿|2025年报,3739.69万|2024年报,-471.34万|2023年报,271.48|2025年报,1.36亿|2025年报,1.33亿|2025年报,-1.240,63.80,61.50,5.62,0.79,819.42万,5.15亿,16.76,6.0004,91.49亿,91.49亿
146,300770,新媒股份,SZ,39.95,0.08,A股,3,3,2,1,1,49.81,42.89,0.00,7.76亿|2025年报,3.61亿|2024年报,6.25亿|2023年报,84.27|2025年报,6.60亿|2025年报,6.60亿|2025年报,0.030,40.20,39.67,0.84,0.80,190.29万,7595.60万,3.45,2.5497,91.02亿,91.02亿
147,600161,天坛生物,SH,14.75,-0.20,A股,2,1,1,1,1,49.77,29.44,0.00,3.39亿|2025年报,8.20亿|2024年报,23.94亿|2023年报,132.29|2025年报,10.91亿|2025年报,14.90亿|2025年报,-0.030,14.80,14.60,0.53,1.02,1049.01万,1.54亿,6.68,2.4854,291.66亿,291.66亿
148,301109,军信股份,SZ,15.09,0.07,A股,1,1,1,1,1,49.67,33.18,0.00,16.99亿|2025年报,9.71亿|2024年报,8.69亿|2023年报,90.73|2025年报,7.17亿|2025年报,9.94亿|2025年报,0.010,15.16,14.98,2.28,0.81,524.52万,7882.82万,4.15,1.5364,119.08亿,34.76亿
149,600132,重庆啤酒,SH,54.07,-0.99,A股,2,2,1,1,1,49.53,16.83,0.00,26.24亿|2025年报,25.42亿|2024年报,30.97亿|2023年报,67.59|2025年报,12.31亿|2025年报,24.78亿|2025年报,-0.540,54.80,53.52,0.92,1.04,446.75万,2.41亿,5.31,19.0037,261.68亿,261.68亿
150,300015,爱尔眼科,SZ,9.62,0.00,A股,1,1,1,1,1,49.46,17.88,0.00,-,48.82亿|2024年报,58.72亿|2023年报,78.48|2025半年报,31.15亿|2025三季报,33.67亿|2025三季报,0.000,9.69,9.51,0.72,1.15,5758.42万,5.52亿,7.20,4.1360,897.10亿,765.31亿
151,301087,可孚医疗,SZ,53.65,1.61,A股,2,2,1,1,1,49.43,10.09,0.00,6.96亿|2025年报,6.63亿|2024年报,3.94亿|2023年报,85.61|2025年报,3.72亿|2025年报,3.70亿|2025年报,0.850,54.20,52.63,1.49,1.08,290.08万,1.55亿,7.54,2.4254,112.07亿,104.10亿
152,688258,卓易信息,SH,109.85,2.47,A股,1,1,1,1,1,49.18,15.02,0.00,-,9603.14万|2024年报,1.14亿|2023年报,41.75|2025半年报,4460.07万|2025三季报,4604.03万|2025三季报,2.650,113.69,109.00,3.64,1.01,441.34万,4.92亿,74.59,14.7724,133.07亿,133.07亿
153,300487,蓝晓科技,SZ,71.60,1.37,A股,1,2,1,1,1,49.07,30.05,0.00,-,7.32亿|2024年报,6.69亿|2023年报,48.25|2025半年报,6.52亿|2025三季报,6.57亿|2025三季报,0.970,72.28,70.79,0.69,0.77,213.58万,1.52亿,13.98,9.0963,364.54亿,220.54亿
154,300470,中密控股,SZ,38.33,-0.90,A股,1,2,2,1,1,49.00,25.22,0.00,-,3.22亿|2024年报,3.13亿|2023年报,146.29|2025半年报,2.78亿|2025三季报,2.79亿|2025三季报,-0.350,38.93,38.15,1.68,0.79,332.02万,1.28亿,7.16,2.8674,79.71亿,75.63亿
155,300824,北鼎股份,SZ,10.33,0.00,A股,2,2,1,1,1,48.89,10.63,0.00,1.48亿|2025年报,1.10亿|2024年报,1.47亿|2023年报,22.15|2025年报,1.14亿|2025年报,1.14亿|2025年报,0.000,10.55,10.20,0.94,1.05,297.73万,3061.80万,7.42,4.4861,33.71亿,32.69亿
156,300012,华测检测,SZ,15.50,0.39,A股,2,1,1,1,1,48.71,15.76,0.00,13.71亿|2025年报,10.63亿|2024年报,11.22亿|2023年报,120.36|2025年报,10.16亿|2025年报,10.20亿|2025年报,0.060,15.58,15.33,1.03,0.64,1481.24万,2.29亿,6.42,3.3994,260.84亿,221.84亿
157,688551,科威尔,SH,46.66,3.23,A股,1,1,1,1,1,48.61,15.99,0.00,-,6912.88万|2024年报,8537.92万|2023年报,412.08|2025半年报,5160.02万|2025三季报,5133.73万|2025三季报,1.460,46.88,44.80,3.61,0.99,303.61万,1.39亿,19.01,2.9970,39.23亿,39.23亿
158,600032,浙江新能,SH,9.80,0.10,A股,1,2,1,1,1,48.40,19.13,0.00,-,28.24亿|2024年报,24.60亿|2023年报,129.62|2025半年报,6.13亿|2025三季报,8.60亿|2025三季报,0.010,10.16,9.71,5.12,2.13,1.23亿,12.21亿,9.61,1.8200,235.66亿,235.66亿
159,600605,汇通能源,SH,29.39,9.99,A股,1,1,1,1,1,48.12,44.93,0.00,-1.63亿|2025年报,7243.13万|2024年报,2.90亿|2023年报,26.64|2025年报,2411.74万|2025年报,2420.48万|2025年报,2.670,29.39,28.57,1.19,1.20,244.70万,7151.89万,62.85,4.2712,60.63亿,60.63亿
160,920122,中纺标,BJ,25.80,0.04,A股,1,2,2,2,1,48.07,14.99,0.00,-,5747.52万|2024年报,6406.98万|2023年报,40.19|2025半年报,1684.07万|2025三季报,1767.42万|2025三季报,0.010,26.10,25.63,1.02,0.71,37.98万,978.47万,35.33,7.0143,23.80亿,9.64亿
161,600995,南网储能,SH,14.01,0.94,A股,2,2,1,1,1,47.97,24.50,0.00,46.23亿|2025年报,38.55亿|2024年报,35.57亿|2023年报,487.43|2025年报,16.89亿|2025年报,20.78亿|2025年报,0.130,14.15,13.81,0.69,1.04,2203.05万,3.07亿,6.63,1.9787,447.76亿,447.76亿
162,688139,海尔生物,SH,33.25,0.09,A股,1,1,1,1,1,47.79,15.23,0.00,2.68亿|2025年报,2.92亿|2024年报,2.49亿|2023年报,93.26|2025年报,2.51亿|2025年报,2.55亿|2025年报,0.030,33.50,32.89,1.44,1.40,455.22万,1.51亿,10.49,2.4050,105.23亿,105.23亿
163,002293,罗莱生活,SZ,10.11,0.10,A股,1,2,1,1,2,47.64,10.09,0.00,-,8.47亿|2024年报,9.36亿|2023年报,80.21|2025半年报,3.40亿|2025三季报,3.40亿|2025三季报,0.010,10.15,9.82,0.93,1.13,766.88万,7662.77万,6.20,2.1047,84.30亿,83.57亿
164,603551,奥普科技,SH,11.96,-1.81,A股,1,2,1,1,1,47.06,15.82,0.00,-,3.42亿|2024年报,4.22亿|2023年报,45.12|2025半年报,1.84亿|2025三季报,1.82亿|2025三季报,-0.220,12.24,11.70,1.67,1.86,633.44万,7519.24万,6.24,3.3509,46.02亿,45.43亿
165,601000,唐山港,SH,4.73,-1.87,A股,1,1,1,1,2,46.97,36.79,0.00,18.88亿|2025年报,23.43亿|2024年报,23.88亿|2023年报,91.32|2025年报,19.98亿|2025年报,21.80亿|2025年报,-0.090,4.83,4.70,0.75,0.96,4451.72万,2.11亿,3.51,1.3046,280.30亿,280.30亿
166,920110,雷特科技,BJ,33.97,0.47,A股,1,1,1,1,1,46.67,21.55,0.00,4479.96万|2025年报,1335.18万|2024年报,5048.30万|2023年报,73.92|2025年报,4522.07万|2025年报,4522.07万|2025年报,0.160,34.21,33.63,0.72,0.67,11.71万,396.01万,7.32,3.5800,13.25亿,5.52亿
167,601816,京沪高铁,SH,4.93,0.00,A股,1,1,1,1,1,46.59,28.80,0.00,-,200.65亿|2024年报,210.81亿|2023年报,16.51|2025半年报,103.02亿|2025三季报,103.65亿|2025三季报,0.000,4.94,4.89,0.24,1.10,1.18亿,5.81亿,5.85,1.1798,2412.04亿,2412.04亿
168,000681,视觉中国,SZ,20.74,1.27,A股,2,2,1,1,1,46.57,15.89,0.00,9795.90万|2025年报,1.50亿|2024年报,1.79亿|2023年报,65.41|2025年报,8302.75万|2025年报,9267.37万|2025年报,0.260,20.88,20.51,2.81,0.79,1896.86万,3.93亿,43.75,4.0211,145.30亿,140.23亿
169,300776,帝尔激光,SZ,80.19,1.57,A股,1,1,1,1,1,46.48,26.80,0.00,1.16亿|2025年报,-1.64亿|2024年报,7.77亿|2023年报,104.59|2025年报,5.19亿|2025年报,5.19亿|2025年报,1.240,83.40,78.61,6.05,1.16,1016.84万,8.21亿,10.58,5.8235,219.73亿,134.79亿
170,300360,炬华科技,SZ,16.24,0.12,A股,1,2,1,1,1,46.19,33.70,0.00,-,6.67亿|2024年报,5.61亿|2023年报,177.25|2025半年报,4.80亿|2025三季报,4.88亿|2025三季报,0.020,16.36,16.09,1.12,1.03,559.01万,9055.19万,4.35,2.0520,83.50亿,81.24亿
171,603156,养元饮品,SH,31.68,4.49,A股,1,1,1,1,1,46.12,26.12,0.00,-,14.31亿|2024年报,23.94亿|2023年报,49.12|2025半年报,11.19亿|2025三季报,11.19亿|2025三季报,1.360,31.96,30.38,0.70,1.37,881.89万,2.77亿,8.92,4.4418,399.26亿,399.26亿
172,603619,中曼石油,SH,36.08,-3.19,A股,1,2,1,2,1,45.87,19.96,0.00,-,15.42亿|2024年报,15.81亿|2023年报,196.63|2025半年报,4.53亿|2025三季报,4.70亿|2025三季报,-1.190,36.68,35.80,6.04,0.75,2791.09万,10.09亿,9.20,3.9185,166.81亿,166.81亿
173,002461,珠江啤酒,SZ,9.52,-3.45,A股,1,1,1,1,1,45.82,14.03,0.00,11.21亿|2025年报,10.69亿|2024年报,8.19亿|2023年报,266.08|2025年报,9.04亿|2025年报,9.19亿|2025年报,-0.340,9.90,9.39,0.89,1.18,1980.47万,1.89亿,5.83,1.9092,210.71亿,210.71亿
174,300286,安科瑞,SZ,25.47,1.56,A股,2,2,1,1,1,45.75,17.54,0.00,2.23亿|2025年报,2.55亿|2024年报,3.15亿|2023年报,220.86|2025年报,2.05亿|2025年报,2.05亿|2025年报,0.390,25.58,25.10,2.07,0.83,429.29万,1.09亿,7.78,2.8472,63.87亿,52.92亿
175,688789,宏华数科,SH,67.95,-1.11,A股,1,2,1,1,1,45.75,25.43,0.00,-,1.64亿|2024年报,1.57亿|2023年报,660.28|2025半年报,3.88亿|2025三季报,4.13亿|2025三季报,-0.760,69.42,66.80,1.09,0.96,195.71万,1.32亿,7.90,3.4266,122.48亿,122.48亿
176,300099,尤洛卡,SZ,9.03,3.79,A股,2,2,1,1,1,45.73,20.83,0.00,281.51万|2025年报,1.91亿|2024年报,6098.49万|2023年报,78.11|2025年报,1.83亿|2025年报,1.80亿|2025年报,0.330,9.03,8.72,3.81,0.90,2213.03万,1.97亿,9.08,2.7903,66.58亿,52.49亿
177,002967,广电计量,SZ,20.79,1.41,A股,2,2,1,1,1,45.44,10.22,0.00,9.52亿|2025年报,8.55亿|2024年报,6.47亿|2023年报,102.57|2025年报,4.25亿|2025年报,4.43亿|2025年报,0.290,20.79,20.47,1.04,1.17,568.99万,1.17亿,7.80,2.7022,132.49亿,113.77亿
178,301050,雷电微力,SZ,49.56,5.63,A股,1,2,1,1,1,45.26,31.75,0.00,-,-3.15亿|2024年报,7.97亿|2023年报,107.82|2025半年报,1.57亿|2025三季报,1.57亿|2025三季报,2.640,50.13,46.93,4.81,2.15,1012.37万,4.89亿,19.54,3.8865,122.52亿,104.26亿
179,300722,新余国科,SZ,31.25,1.56,A股,1,1,1,1,1,45.24,18.40,0.00,8634.87万|2025年报,7177.89万|2024年报,8916.60万|2023年报,118.85|2025年报,8248.30万|2025年报,8261.00万|2025年报,0.480,31.30,30.47,1.52,1.10,421.13万,1.30亿,26.21,12.9021,86.49亿,86.49亿
180,603309,维力医疗,SH,13.90,-1.00,A股,1,1,1,1,1,45.21,14.94,0.00,-,3.06亿|2024年报,2.23亿|2023年报,176.09|2025半年报,1.92亿|2025三季报,2.00亿|2025三季报,-0.140,14.13,13.73,1.53,0.85,447.40万,6193.36万,5.29,2.1615,40.57亿,40.57亿
181,605305,中际联合,SH,44.95,-1.14,A股,1,1,2,1,2,45.20,21.48,0.00,-,2.80亿|2024年报,9824.48万|2023年报,72.87|2025半年报,4.38亿|2025三季报,4.38亿|2025三季报,-0.520,45.90,44.51,3.69,0.80,783.38万,3.52亿,5.45,3.3500,95.53亿,95.53亿
182,603036,如通股份,SH,18.15,-2.52,A股,1,1,1,1,1,45.20,24.35,0.00,1.95亿|2025年报,6265.63万|2024年报,5510.81万|2023年报,85.32|2025年报,1.05亿|2025年报,1.06亿|2025年报,-0.470,18.74,18.00,2.37,1.08,488.91万,8915.24万,8.89,2.6968,37.39亿,37.39亿
183,002821,凯莱英,SZ,121.33,0.31,A股,1,1,1,1,1,45.17,20.59,0.00,14.08亿|2025年报,12.54亿|2024年报,35.50亿|2023年报,221.01|2025年报,11.33亿|2025年报,11.27亿|2025年报,0.370,122.50,118.00,2.93,0.71,928.64万,11.16亿,9.67,2.4828,437.85亿,384.67亿
184,600436,片仔癀,SH,148.56,-0.14,A股,1,2,1,1,1,44.75,28.06,0.00,-,13.14亿|2024年报,22.07亿|2023年报,243.43|2025半年报,21.29亿|2025三季报,21.33亿|2025三季报,-0.210,149.26,147.52,0.32,1.23,195.49万,2.90亿,10.52,6.1931,896.29亿,896.29亿
185,000623,吉林敖东,SZ,18.33,0.49,A股,1,2,1,1,1,44.75,50.03,0.00,-,5948.35万|2024年报,6806.06万|2023年报,59.17|2025半年报,22.60亿|2025三季报,22.55亿|2025三季报,0.090,18.45,18.12,0.67,0.80,803.11万,1.47亿,2.42,0.7171,219.21亿,218.31亿
186,600085,同仁堂,SH,28.04,1.37,A股,1,2,1,1,1,44.71,12.06,0.00,26.93亿|2025年报,7.61亿|2024年报,18.69亿|2023年报,31.83|2025年报,11.89亿|2025年报,16.33亿|2025年报,0.380,28.05,27.61,0.40,1.06,550.66万,1.53亿,8.08,2.8159,384.56亿,384.56亿
187,300699,光威复材,SZ,35.32,1.17,A股,1,1,1,1,1,44.67,27.46,0.00,12.95亿|2025年报,8.63亿|2024年报,5.34亿|2023年报,186.64|2025年报,6.03亿|2025年报,5.99亿|2025年报,0.410,35.33,34.84,2.16,1.17,1775.37万,6.23亿,12.17,5.1640,293.63亿,290.12亿
188,600398,海澜之家,SH,6.66,1.22,A股,1,2,1,1,1,44.62,11.29,0.00,44.82亿|2025年报,23.17亿|2024年报,52.30亿|2023年报,25.04|2025年报,21.66亿|2025年报,21.32亿|2025年报,0.080,6.69,6.55,0.78,1.06,3728.56万,2.48亿,3.69,1.7458,319.86亿,319.86亿
189,688028,沃尔德,SH,100.21,6.24,A股,2,2,1,1,2,44.60,14.33,0.00,1.79亿|2025年报,2.24亿|2024年报,9485.09万|2023年报,116.96|2025年报,9450.91万|2025年报,9383.69万|2025年报,5.890,104.50,93.38,6.57,1.25,992.20万,9.79亿,40.01,7.6188,151.27亿,151.27亿
190,605499,东鹏饮料,SH,191.23,-1.40,A股,2,2,1,1,2,44.26,20.09,0.00,61.74亿|2025年报,57.89亿|2024年报,32.81亿|2023年报,457.59|2025年报,44.15亿|2025年报,44.14亿|2025年报,-2.720,195.67,188.01,1.33,1.85,694.01万,13.22亿,6.12,11.4639,1080.01亿,994.42亿
191,300259,新天科技,SZ,4.86,5.88,A股,2,2,2,1,1,44.25,21.57,0.00,1.59亿|2025年报,1.78亿|2024年报,2.28亿|2023年报,239.07|2025年报,2.51亿|2025年报,2.51亿|2025年报,0.270,4.96,4.59,3.82,2.22,4469.83万,2.14亿,5.67,1.8621,56.85亿,56.84亿
192,688628,优利德,SH,66.30,4.41,A股,1,2,1,1,1,44.24,15.68,0.00,-,1.94亿|2024年报,2.12亿|2023年报,161.79|2025半年报,1.35亿|2025三季报,1.29亿|2025三季报,2.800,67.50,62.00,4.23,0.84,472.33万,3.08亿,13.71,5.8504,74.10亿,74.10亿
193,002415,海康威视,SZ,33.48,2.54,A股,1,1,1,1,1,44.08,15.59,0.00,-,132.64亿|2024年报,166.22亿|2023年报,201.65|2025半年报,93.19亿|2025三季报,102.54亿|2025三季报,0.830,33.88,32.74,1.37,2.92,1.24亿,41.34亿,8.23,3.6819,3068.40亿,3028.75亿
194,688636,智明达,SH,44.32,5.02,A股,1,1,1,1,1,44.08,11.12,0.00,-7152.59万|2025年报,6158.56万|2024年报,588.84万|2023年报,53.45|2025年报,1.02亿|2025年报,1.02亿|2025年报,2.120,44.46,42.01,3.89,1.68,651.46万,2.83亿,18.86,5.5202,77.08亿,74.29亿
195,920225,利通科技,BJ,26.15,-2.13,A股,1,1,1,1,1,44.05,22.50,0.00,9345.99万|2025年报,1.40亿|2024年报,1.41亿|2023年报,80.07|2025年报,8323.53万|2025年报,8285.99万|2025年报,-0.570,27.25,25.86,3.18,0.76,263.31万,6902.27万,9.97,4.5373,33.19亿,21.65亿
196,301023,奕帆传动,SZ,40.22,1.11,A股,2,3,2,2,2,43.92,29.77,0.00,-,5080.31万|2024年报,2103.51万|2023年报,140.44|2025半年报,5832.85万|2025三季报,5735.19万|2025三季报,0.440,40.26,39.67,2.17,0.67,94.36万,3770.13万,13.47,3.8361,31.44亿,17.51亿
197,300416,苏试试验,SZ,18.36,2.57,A股,1,1,1,1,1,43.89,14.49,0.00,6.55亿|2025年报,4.85亿|2024年报,3.70亿|2023年报,128.47|2025年报,2.57亿|2025年报,2.84亿|2025年报,0.460,18.38,17.90,4.00,1.42,2018.92万,3.66亿,9.07,3.3738,93.37亿,92.71亿
198,601985,中国核电,SH,8.70,0.12,A股,1,2,1,1,1,43.77,23.66,0.00,-,407.21亿|2024年报,431.26亿|2023年报,406.71|2025半年报,80.02亿|2025三季报,154.97亿|2025三季报,0.010,8.73,8.66,0.41,0.82,7652.35万,6.64亿,5.59,1.5538,1789.42亿,1642.85亿
199,601965,中国汽研,SH,16.95,-0.35,A股,1,2,1,1,1,43.70,21.09,0.00,-,4.95亿|2024年报,8.90亿|2023年报,207.72|2025半年报,6.66亿|2025三季报,7.00亿|2025三季报,-0.060,17.15,16.75,0.80,1.34,793.77万,1.34亿,6.38,2.1703,170.02亿,169.23亿
200,920415,恒拓开源,BJ,12.62,1.04,A股,1,1,1,1,1,43.62,11.06,0.00,4042.17万|2025年报,4074.11万|2024年报,2768.37万|2023年报,0.21|2025年报,2481.06万|2025年报,2284.36万|2025年报,0.130,12.81,12.49,1.30,0.80,140.83万,1779.63万,17.87,3.1827,17.73亿,13.66亿
201,688589,力合微,SH,22.90,0.39,A股,1,1,1,1,1,43.59,13.19,0.00,7395.45万|2025年报,8863.97万|2024年报,2.73亿|2023年报,125.48|2025年报,2056.70万|2025年报,2056.70万|2025年报,0.090,23.08,22.69,1.69,0.91,245.28万,5613.11万,40.45,3.4895,33.28亿,33.28亿
202,601330,绿色动力,SH,8.02,-0.87,A股,2,2,1,1,1,43.54,17.19,0.00,18.46亿|2025年报,14.38亿|2024年报,9.78亿|2023年报,50.59|2025年报,6.18亿|2025年报,6.05亿|2025年报,-0.070,8.19,7.97,2.32,0.92,2295.83万,1.85亿,4.65,1.4255,114.73亿,79.33亿
203,002749,国光股份,SZ,13.11,-0.53,A股,2,3,2,1,1,43.49,18.32,0.00,-,4.38亿|2024年报,3.99亿|2023年报,81.08|2025半年报,2.78亿|2025三季报,2.95亿|2025三季报,-0.070,13.22,13.01,0.32,0.89,145.88万,1908.61万,5.49,3.4207,61.14亿,59.47亿
204,603259,药明康德,SH,106.55,0.79,A股,3,1,1,1,1,43.43,30.32,0.00,172.03亿|2025年报,124.07亿|2024年报,133.87亿|2023年报,155.41|2025年报,191.51亿|2025年报,193.33亿|2025年报,0.840,106.80,104.12,1.25,0.84,3101.74万,32.72亿,4.15,3.9883,3179.19亿,2635.28亿
205,601098,中南传媒,SH,10.95,0.18,A股,2,2,1,1,1,43.37,12.96,0.00,-12.37亿|2025年报,19.48亿|2024年报,19.30亿|2023年报,125.64|2025年报,15.94亿|2025年报,16.83亿|2025年报,0.020,11.03,10.87,0.36,0.59,641.41万,7005.27万,3.08,1.2162,196.66亿,196.66亿
206,002093,国脉科技,SZ,9.70,0.73,A股,1,2,1,1,1,43.33,25.87,0.00,-,2.12亿|2024年报,8349.36万|2023年报,27.64|2025半年报,1.96亿|2025三季报,1.99亿|2025三季报,0.070,9.74,9.58,0.82,0.93,825.41万,7978.08万,12.47,2.5464,97.73亿,97.73亿
207,920663,明阳科技,BJ,16.39,1.17,A股,2,1,2,1,1,43.29,24.58,0.00,7886.71万|2025年报,1.02亿|2024年报,5046.13万|2023年报,144.63|2025年报,8536.55万|2025年报,8536.55万|2025年报,0.190,16.46,16.01,2.28,0.50,146.21万,2366.93万,6.41,5.3907,21.89亿,10.50亿
208,601958,金钼股份,SH,19.28,2.01,A股,1,1,1,1,1,43.26,26.73,0.00,16.28亿|2025年报,37.18亿|2024年报,34.73亿|2023年报,28.34|2025年报,31.55亿|2025年报,35.09亿|2025年报,0.380,19.55,19.06,0.92,0.99,2970.15万,5.72亿,4.93,3.2932,622.09亿,622.09亿
209,600236,桂冠电力,SH,9.80,0.10,A股,2,2,2,1,1,42.92,26.83,0.00,69.57亿|2025年报,56.07亿|2024年报,40.79亿|2023年报,177.82|2025年报,32.80亿|2025年报,37.13亿|2025年报,0.010,9.95,9.69,0.16,0.78,1242.73万,1.22亿,5.89,4.2330,772.47亿,772.47亿
210,603005,晶方科技,SH,30.30,7.91,A股,1,1,1,1,1,42.84,21.51,0.00,4.84亿|2025年报,3.55亿|2024年报,3.06亿|2023年报,400.35|2025年报,3.70亿|2025年报,3.69亿|2025年报,2.220,30.66,28.32,10.09,2.77,6578.41万,19.39亿,13.37,4.2882,197.61亿,197.61亿
211,001872,招商港口,SZ,21.40,-1.79,A股,1,1,1,1,1,42.61,51.42,0.00,81.74亿|2025年报,80.13亿|2024年报,65.80亿|2023年报,65.65|2025年报,46.11亿|2025年报,89.06亿|2025年报,-0.390,21.82,21.31,0.12,0.87,287.51万,6162.31万,2.88,0.8252,531.13亿,492.63亿
212,688092,爱科科技,SH,28.98,0.35,A股,1,2,1,1,1,42.59,17.22,0.00,-,7190.34万|2024年报,8182.17万|2023年报,8.40|2025半年报,3724.10万|2025三季报,3724.10万|2025三季报,0.100,29.35,28.72,0.84,0.73,69.68万,2016.60万,16.08,3.6308,23.96亿,23.96亿
213,300908,仲景食品,SZ,28.12,0.57,A股,1,2,1,1,1,42.51,17.01,0.00,2.29亿|2025年报,2.28亿|2024年报,2.26亿|2023年报,198.57|2025年报,1.92亿|2025年报,1.92亿|2025年报,0.160,28.20,27.81,0.69,0.88,84.54万,2362.04万,5.35,2.2831,41.06亿,34.70亿
214,688601,力芯微,SH,52.99,-1.80,A股,1,1,1,2,1,42.47,14.85,0.00,1748.68万|2025年报,1.33亿|2024年报,2.14亿|2023年报,124.68|2025年报,3708.19万|2025年报,3409.84万|2025年报,-0.970,55.09,52.34,4.78,0.83,639.16万,3.43亿,47.76,5.6716,70.84亿,70.84亿
215,688059,华锐精密,SH,122.62,2.23,A股,1,1,1,1,1,42.47,16.99,0.00,-,1.18亿|2024年报,251.59万|2023年报,32.92|2025半年报,1.37亿|2025三季报,1.37亿|2025三季报,2.670,125.50,118.00,3.71,1.40,347.35万,4.25亿,22.30,6.0922,122.60亿,114.75亿
216,002940,昂利康,SZ,30.46,1.98,A股,1,1,1,2,1,42.37,10.57,0.00,-,2.54亿|2024年报,2.77亿|2023年报,51.84|2025半年报,7768.99万|2025三季报,1.01亿|2025三季报,0.590,30.48,29.51,5.60,0.50,1038.20万,3.11亿,19.77,3.9031,61.45亿,56.43亿
217,002372,伟星新材,SZ,10.75,1.90,A股,2,2,1,1,1,42.34,17.29,0.00,11.78亿|2025年报,11.47亿|2024年报,13.74亿|2023年报,129.46|2025年报,7.41亿|2025年报,7.34亿|2025年报,0.200,10.79,10.46,0.56,0.76,823.91万,8772.75万,5.78,3.5033,171.14亿,158.12亿
218,002658,雪迪龙,SZ,8.51,1.43,A股,1,1,1,1,2,42.32,12.08,0.00,3.00亿|2025年报,2.51亿|2024年报,3.18亿|2023年报,195.09|2025年报,1.51亿|2025年报,1.52亿|2025年报,0.120,8.65,8.40,2.40,1.30,861.63万,7297.99万,8.96,2.0551,54.10亿,30.51亿
219,601100,恒立液压,SH,104.85,4.81,A股,1,1,1,1,1,42.29,27.31,0.00,-,24.79亿|2024年报,26.77亿|2023年报,161.91|2025半年报,20.87亿|2025三季报,20.91亿|2025三季报,4.810,105.71,101.86,0.82,1.26,1098.59万,11.34亿,16.84,8.2425,1405.85亿,1405.85亿
220,300119,瑞普生物,SZ,18.33,1.83,A股,1,1,1,1,1,42.10,15.42,0.00,2.98亿|2025年报,7.36亿|2024年报,4.10亿|2023年报,78.57|2025年报,4.01亿|2025年报,4.34亿|2025年报,0.330,18.37,17.91,1.40,0.56,465.57万,8463.81万,5.32,1.8114,85.19亿,61.15亿
221,603277,银都股份,SH,14.25,1.06,A股,1,2,1,2,2,42.06,19.46,0.00,-,6.36亿|2024年报,8.29亿|2023年报,38.64|2025半年报,4.67亿|2025三季报,4.67亿|2025三季报,0.150,14.26,14.08,0.15,0.60,90.95万,1290.84万,4.68,3.3239,87.45亿,86.89亿
222,002320,海峡股份,SZ,8.64,0.70,A股,1,1,1,1,1,42.02,24.63,0.00,15.21亿|2025年报,15.09亿|2024年报,17.80亿|2023年报,93.20|2025年报,1.73亿|2025年报,9.16亿|2025年报,0.060,8.66,8.50,0.66,0.99,1482.26万,1.27亿,27.89,4.8295,193.13亿,193.13亿
223,600177,雅戈尔,SH,7.18,0.28,A股,3,4,1,1,1,41.92,22.48,0.00,-,15.46亿|2024年报,65.42亿|2023年报,18.97|2025半年报,23.49亿|2025三季报,23.34亿|2025三季报,0.020,7.19,7.10,0.45,0.91,2076.56万,1.48亿,3.53,0.7887,331.96亿,331.96亿
224,605118,力鼎光电,SH,43.77,2.03,A股,1,2,1,1,1,41.78,26.97,0.00,-,2.30亿|2024年报,2.83亿|2023年报,266.89|2025半年报,2.16亿|2025三季报,2.16亿|2025三季报,0.870,43.88,42.73,0.94,0.98,382.90万,1.66亿,20.84,12.0811,180.01亿,178.19亿
225,300408,三环集团,SZ,64.61,5.06,A股,1,1,1,1,1,41.65,28.80,0.00,28.78亿|2025年报,24.03亿|2024年报,17.19亿|2023年报,77.95|2025年报,26.18亿|2025年报,26.17亿|2025年报,3.110,70.50,63.77,2.36,1.69,4409.18万,28.68亿,11.82,5.7171,1238.25亿,1208.08亿
226,605155,西大门,SH,15.56,-0.06,A股,1,1,1,1,1,41.58,13.81,0.00,1.97亿|2025年报,1.43亿|2024年报,1.06亿|2023年报,41.43|2025年报,1.12亿|2025年报,1.12亿|2025年报,-0.010,15.87,15.40,0.99,0.79,185.65万,2889.42万,6.66,2.2094,29.77亿,29.07亿
227,603025,大豪科技,SH,14.53,0.69,A股,1,1,1,1,1,41.36,23.83,0.00,3.83亿|2025年报,2.27亿|2024年报,3.32亿|2023年报,118.83|2025年报,7.10亿|2025年报,7.59亿|2025年报,0.100,14.75,14.37,1.56,1.33,1730.02万,2.51亿,5.71,5.9613,162.25亿,161.16亿
228,002003,伟星股份,SZ,9.76,1.56,A股,1,2,1,1,1,41.33,14.69,0.00,-,10.90亿|2024年报,6.88亿|2023年报,228.17|2025半年报,5.83亿|2025三季报,5.87亿|2025三季报,0.150,9.77,9.61,0.53,1.23,538.72万,5226.95万,4.97,2.5442,116.04亿,99.76亿
229,300346,南大光电,SZ,48.68,2.01,A股,2,2,2,1,1,41.32,15.84,0.00,7.33亿|2025年报,6.27亿|2024年报,5.29亿|2023年报,49.81|2025年报,3.20亿|2025年报,4.04亿|2025年报,0.960,49.18,48.01,5.16,1.29,3387.87万,16.47亿,26.31,9.6619,336.46亿,319.34亿
230,688569,铁科轨道,SH,20.27,-0.59,A股,1,1,1,1,1,41.10,20.34,0.00,1.65亿|2025年报,2.99亿|2024年报,4.69亿|2023年报,109.44|2025年报,1.71亿|2025年报,2.46亿|2025年报,-0.120,20.48,20.17,0.34,0.53,72.58万,1472.53万,6.23,1.4489,42.70亿,42.70亿
231,601918,新集能源,SH,7.40,-1.20,A股,2,1,1,1,1,40.80,19.50,0.00,31.04亿|2025年报,34.58亿|2024年报,37.96亿|2023年报,414.76|2025年报,21.36亿|2025年报,22.96亿|2025年报,-0.090,7.50,7.33,1.42,0.68,3676.81万,2.72亿,2.24,1.1390,191.70亿,191.70亿
232,301088,戎美股份,SZ,14.21,0.21,A股,1,2,1,1,1,40.77,13.26,0.00,-,9667.35万|2024年报,-734.42万|2023年报,248.31|2025半年报,4328.64万|2025三季报,4328.64万|2025三季报,0.030,14.43,14.06,0.51,0.68,95.20万,1348.21万,18.70,1.3061,32.38亿,26.69亿
233,920270,天铭科技,BJ,15.80,0.06,A股,1,1,2,1,1,40.75,22.38,0.00,6705.52万|2025年报,6977.40万|2024年报,8867.67万|2023年报,1438.00|2025年报,3606.87万|2025年报,3606.87万|2025年报,0.010,15.99,15.69,0.91,0.71,73.94万,1168.40万,11.46,4.0408,16.53亿,12.82亿
234,002970,锐明技术,SZ,59.00,-4.41,A股,2,2,1,1,1,40.70,10.68,0.00,3.98亿|2025年报,4.21亿|2024年报,3.18亿|2023年报,130.44|2025年报,3.83亿|2025年报,3.89亿|2025年报,-2.720,62.38,58.60,9.77,1.87,1210.46万,7.22亿,6.99,5.1189,107.04亿,73.09亿
235,301031,中熔电气,SZ,147.15,0.69,A股,1,2,1,1,1,40.31,12.10,0.00,-,1.22亿|2024年报,8470.58万|2023年报,216.41|2025半年报,2.42亿|2025三季报,2.40亿|2025三季报,1.010,148.50,146.00,2.59,0.93,178.43万,2.63亿,14.94,10.2848,144.68亿,101.27亿
236,600600,青岛啤酒,SH,61.92,-0.55,A股,1,1,2,1,1,40.24,13.77,0.00,45.93亿|2025年报,51.55亿|2024年报,27.78亿|2023年报,173.06|2025年报,45.88亿|2025年报,47.17亿|2025年报,-0.340,62.45,61.75,0.68,0.97,484.02万,3.00亿,4.60,2.7561,844.71亿,439.09亿
237,002236,大华股份,SZ,18.24,3.05,A股,1,2,2,1,1,40.24,16.14,0.00,-,27.10亿|2024年报,45.99亿|2023年报,77.71|2025半年报,35.35亿|2025三季报,36.68亿|2025三季报,0.540,18.44,17.73,2.20,1.75,5290.87万,9.61亿,4.24,1.5879,599.50亿,439.33亿
238,688100,威胜信息,SH,37.26,1.06,A股,2,1,1,1,1,40.23,23.01,0.00,5.16亿|2025年报,4.74亿|2024年报,4.17亿|2023年报,555.65|2025年报,6.66亿|2025年报,6.66亿|2025年报,0.390,37.40,36.85,0.40,0.79,196.48万,7290.82万,6.87,5.3990,183.20亿,183.20亿
239,603230,内蒙新华,SH,11.31,-0.09,A股,1,1,1,1,1,39.88,15.81,0.00,2.43亿|2025年报,2.85亿|2024年报,5.31亿|2023年报,54.65|2025年报,1.75亿|2025年报,1.75亿|2025年报,-0.010,11.44,11.11,3.09,0.73,1092.28万,1.23亿,5.72,1.4441,39.98亿,39.98亿
240,603088,宁波精达,SH,13.61,1.49,A股,1,1,1,1,1,39.83,19.06,0.00,2.08亿|2025年报,1.18亿|2024年报,1.68亿|2023年报,48.46|2025年报,1.20亿|2025年报,1.24亿|2025年报,0.200,13.63,13.37,8.68,1.33,3799.17万,5.13亿,14.23,5.9924,68.37亿,59.59亿
241,000544,中原环保,SZ,8.17,0.25,A股,1,1,1,1,1,39.76,17.01,0.00,5.66亿|2025年报,-6.09亿|2024年报,-20.22亿|2023年报,494.93|2025年报,10.75亿|2025年报,10.95亿|2025年报,0.020,8.22,8.10,0.31,0.46,304.19万,2477.31万,1.85,0.8743,79.63亿,79.63亿
242,603267,鸿远电子,SH,52.21,2.43,A股,2,1,1,1,1,39.73,13.44,0.00,1.58亿|2025年报,4.59亿|2024年报,4.63亿|2023年报,95.87|2025年报,2.50亿|2025年报,2.49亿|2025年报,1.240,52.21,51.35,2.58,1.24,595.35万,3.09亿,12.07,2.7287,120.65亿,120.65亿
243,002871,伟隆股份,SZ,18.02,6.69,A股,1,2,1,1,1,39.68,21.85,0.00,-,1.26亿|2024年报,1.30亿|2023年报,336.10|2025半年报,1.03亿|2025三季报,1.02亿|2025三季报,1.130,18.36,16.85,3.56,1.88,531.21万,9350.83万,11.04,4.0916,45.38亿,26.92亿
244,002252,上海莱士,SZ,5.66,-0.35,A股,2,2,1,1,1,39.58,23.53,0.00,-3.29亿|2025年报,-4.82亿|2024年报,22.78亿|2023年报,156.94|2025年报,15.77亿|2025年报,15.77亿|2025年报,-0.020,5.69,5.61,0.46,1.13,3032.56万,1.71亿,5.96,1.1576,375.71亿,375.47亿
245,300693,盛弘股份,SZ,51.27,9.11,A股,1,1,1,1,1,39.56,14.27,0.00,7.01亿|2025年报,3.64亿|2024年报,4.39亿|2023年报,146.16|2025年报,4.76亿|2025年报,4.74亿|2025年报,4.280,51.51,47.10,10.98,1.51,2952.54万,14.67亿,8.42,7.3962,160.37亿,137.84亿
246,600012,皖通高速,SH,15.28,1.46,A股,1,1,1,1,1,39.52,25.61,0.00,35.39亿|2025年报,26.29亿|2024年报,26.53亿|2023年报,162.00|2025年报,18.77亿|2025年报,18.59亿|2025年报,0.220,15.43,14.95,0.50,0.86,586.90万,8922.71万,3.48,2.0393,261.07亿,178.10亿
247,603317,天味食品,SH,13.18,-2.01,A股,1,1,1,1,1,39.45,16.94,0.00,5.88亿|2025年报,8.20亿|2024年报,6.03亿|2023年报,100.03|2025年报,5.70亿|2025年报,6.03亿|2025年报,-0.270,13.44,12.98,0.77,0.81,820.01万,1.08亿,6.16,3.0897,140.33亿,140.33亿
248,002351,漫步者,SZ,11.41,-0.44,A股,1,1,1,1,1,39.44,16.86,0.00,3.90亿|2025年报,4.37亿|2024年报,5.10亿|2023年报,18.90|2025年报,4.31亿|2025年报,4.65亿|2025年报,-0.050,11.54,11.37,0.92,0.86,478.38万,5472.47万,5.88,3.4024,101.45亿,59.45亿
249,301004,嘉益股份,SZ,48.10,2.08,A股,1,1,1,1,2,39.19,26.21,0.00,-,4.97亿|2024年报,5.77亿|2023年报,251.10|2025半年报,3.68亿|2025三季报,3.68亿|2025三季报,0.980,48.31,47.15,0.52,1.14,70.78万,3384.63万,4.77,4.0000,70.13亿,65.47亿
250,300285,国瓷材料,SZ,34.08,-0.44,A股,1,1,1,1,1,39.16,16.30,0.00,-,7.54亿|2024年报,6.45亿|2023年报,77.52|2025半年报,4.89亿|2025三季报,5.52亿|2025三季报,-0.150,35.50,33.68,5.46,1.22,4592.78万,15.81亿,17.36,4.8489,339.79亿,286.73亿
251,688025,杰普特,SH,265.15,-1.28,A股,1,1,1,1,1,39.09,10.15,0.00,6.04亿|2025年报,7849.57万|2024年报,2.34亿|2023年报,136.92|2025年报,2.79亿|2025年报,2.78亿|2025年报,-3.430,279.80,258.01,6.13,1.14,582.27万,15.58亿,22.60,10.9646,252.02亿,252.02亿
252,601326,秦港股份,SH,3.60,-0.55,A股,1,1,1,1,1,39.07,22.95,0.00,22.98亿|2025年报,24.15亿|2024年报,23.94亿|2023年报,68.26|2025年报,16.06亿|2025年报,16.58亿|2025年报,-0.020,3.62,3.57,0.52,0.47,2495.90万,8963.11万,3.13,0.9845,201.15亿,171.27亿
253,600874,创业环保,SH,6.11,0.66,A股,1,1,1,1,1,39.03,18.88,0.00,33.02亿|2025年报,13.82亿|2024年报,9.92亿|2023年报,122.12|2025年报,8.62亿|2025年报,9.16亿|2025年报,0.040,6.17,6.07,0.98,0.89,1211.37万,7409.41万,2.78,0.9353,95.95亿,75.18亿
254,605117,德业股份,SH,144.50,-1.66,A股,2,2,1,1,1,38.91,25.43,0.00,39.86亿|2025年报,33.67亿|2024年报,20.81亿|2023年报,518.57|2025年报,31.71亿|2025年报,31.69亿|2025年报,-2.440,149.80,142.08,2.41,1.20,2190.17万,31.68亿,10.36,12.6486,1313.99亿,1313.99亿
255,603755,日辰股份,SH,28.63,0.77,A股,2,1,1,1,1,38.73,15.74,0.00,-,8653.10万|2024年报,6994.40万|2023年报,870.13|2025半年报,6431.75万|2025三季报,6431.75万|2025三季报,0.220,28.73,28.20,1.04,0.89,102.66万,2932.36万,10.97,3.8127,28.23亿,28.23亿
256,000548,湖南投资,SZ,5.18,-0.58,A股,1,1,1,1,1,38.50,10.97,0.00,-8908.93万|2025年报,1.08亿|2024年报,3.78亿|2023年报,60.44|2025年报,4206.73万|2025年报,4206.73万|2025年报,-0.030,5.27,5.11,1.87,0.89,935.65万,4827.50万,15.37,1.2592,25.86亿,25.86亿
257,300236,上海新阳,SZ,85.50,2.24,A股,1,1,1,1,1,38.48,13.75,0.00,4.75亿|2025年报,2.25亿|2024年报,1.51亿|2023年报,347.32|2025年报,3.01亿|2025年报,3.01亿|2025年报,1.870,88.16,84.10,3.85,1.05,1073.36万,9.22亿,22.28,5.1990,267.94亿,238.16亿
258,688698,伟创电气,SH,70.88,4.08,A股,1,2,1,1,1,38.45,14.60,0.00,-,2.01亿|2024年报,528.21万|2023年报,309.85|2025半年报,2.25亿|2025三季报,2.21亿|2025三季报,2.780,72.57,68.12,2.95,1.61,631.76万,4.46亿,16.88,6.4246,151.70亿,151.70亿
259,002053,云南能投,SZ,11.24,0.63,A股,1,1,1,1,1,38.37,13.69,0.00,14.61亿|2025年报,12.44亿|2024年报,9.29亿|2023年报,457.54|2025年报,2.36亿|2025年报,2.27亿|2025年报,0.070,11.29,11.06,0.95,0.76,871.05万,9715.01万,10.95,1.3957,103.49亿,103.49亿
260,603817,海峡环保,SH,7.11,0.00,A股,1,2,1,1,1,38.26,12.45,0.00,-,9603.55万|2024年报,1.47亿|2023年报,109.34|2025半年报,1.93亿|2025三季报,1.83亿|2025三季报,0.000,7.20,7.02,2.66,0.83,1518.96万,1.08亿,5.26,1.2736,40.53亿,40.53亿
261,601928,凤凰传媒,SH,9.68,0.10,A股,1,1,1,1,1,38.12,16.72,0.00,-,18.39亿|2024年报,26.03亿|2023年报,17.23|2025半年报,17.01亿|2025三季报,17.29亿|2025三季报,0.010,9.73,9.62,0.21,0.81,533.09万,5149.72万,3.62,1.2420,246.35亿,246.35亿
262,003013,地铁设计,SZ,13.24,0.53,A股,1,1,1,1,1,38.06,17.98,0.00,7842.66万|2025年报,3762.23万|2024年报,1.85亿|2023年报,70.48|2025年报,4.66亿|2025年报,4.78亿|2025年报,0.070,13.25,13.11,0.33,0.73,130.39万,1717.93万,3.28,1.6652,61.00亿,52.95亿
263,920892,广咨国际,BJ,14.76,1.37,A股,1,1,1,1,1,38.01,17.32,0.00,1.58亿|2025年报,1.34亿|2024年报,1.29亿|2023年报,30.28|2025年报,1.08亿|2025年报,1.08亿|2025年报,0.200,14.80,14.56,0.31,0.68,46.17万,678.61万,5.84,5.7224,25.14亿,22.27亿
264,601199,江南水务,SH,5.66,0.00,A股,1,2,1,1,1,37.95,24.97,0.00,-,3.55亿|2024年报,4.81亿|2023年报,78.42|2025半年报,2.75亿|2025三季报,2.75亿|2025三季报,0.000,5.69,5.61,0.51,0.57,473.89万,2674.21万,4.80,1.1704,52.93亿,52.93亿
265,002034,旺能环境,SZ,18.55,-1.33,A股,1,2,2,1,1,37.94,17.48,0.00,-,15.96亿|2024年报,12.59亿|2023年报,66.01|2025半年报,5.51亿|2025三季报,5.57亿|2025三季报,-0.250,18.91,18.35,1.83,0.93,789.98万,1.47亿,3.65,1.1593,80.50亿,80.10亿
266,300613,富瀚微,SZ,44.38,-0.58,A股,1,1,1,1,1,37.88,11.31,0.00,4.44亿|2025年报,2.84亿|2024年报,4.53亿|2023年报,35.24|2025年报,1.45亿|2025年报,1.20亿|2025年报,-0.260,44.97,43.98,2.02,0.97,442.80万,1.97亿,17.82,3.6654,103.32亿,97.46亿
267,301138,华研精机,SZ,38.22,0.34,A股,1,1,2,2,1,37.81,15.37,0.00,-,1.17亿|2024年报,1.38亿|2023年报,130.68|2025半年报,7076.04万|2025三季报,7101.78万|2025三季报,0.130,38.40,37.76,1.65,0.92,113.45万,4323.96万,16.20,4.1132,45.86亿,26.20亿
268,600862,中航高科,SH,21.90,1.20,A股,1,1,1,1,1,37.73,21.80,0.00,11.95亿|2025年报,4.96亿|2024年报,4.25亿|2023年报,108.38|2025年报,10.31亿|2025年报,10.33亿|2025年报,0.260,21.90,21.58,1.16,1.20,1617.97万,3.52亿,7.40,3.9710,305.08亿,305.08亿
269,002738,中矿资源,SZ,83.29,0.45,A股,1,1,1,1,1,37.67,19.23,0.00,16.02亿|2025年报,5.00亿|2024年报,30.02亿|2023年报,255.44|2025年报,4.58亿|2025年报,4.59亿|2025年报,0.370,84.00,81.59,4.28,0.93,3042.41万,25.07亿,32.83,4.9333,600.93亿,592.38亿
270,300634,彩讯股份,SZ,26.79,2.88,A股,2,2,1,1,2,37.66,16.65,0.00,4.63亿|2025年报,3359.80万|2024年报,1.77亿|2023年报,172.09|2025年报,2.91亿|2025年报,2.85亿|2025年报,0.750,27.09,26.33,3.92,1.11,1701.91万,4.54亿,10.40,4.0096,120.88亿,116.34亿
271,600113,浙江东日,SH,46.45,-0.11,A股,1,1,1,1,1,37.54,19.40,0.00,6888.76万|2025年报,1.16亿|2024年报,1.76亿|2023年报,133.08|2025年报,1.44亿|2025年报,1.38亿|2025年报,-0.050,47.00,45.89,0.63,0.71,260.75万,1.21亿,33.95,7.8311,195.64亿,191.11亿
272,688113,联测科技,SH,38.17,-0.21,A股,1,2,1,1,1,37.50,17.73,0.00,-,5370.98万|2024年报,6368.68万|2023年报,90.62|2025半年报,7552.55万|2025三季报,7851.86万|2025三季报,-0.080,38.95,37.94,1.14,1.13,73.71万,2820.98万,8.14,2.5021,24.58亿,24.58亿
273,605337,李子园,SH,10.89,0.00,A股,1,1,1,1,1,37.47,16.30,0.00,-,3.60亿|2024年报,4.14亿|2023年报,181.57|2025半年报,1.48亿|2025三季报,1.48亿|2025三季报,0.000,10.95,10.80,0.58,0.94,224.51万,2436.76万,7.18,2.7078,42.48亿,42.48亿
274,002001,新 和 成,SZ,38.17,-0.26,A股,1,2,1,1,1,37.38,22.66,0.00,-,70.73亿|2024年报,51.19亿|2023年报,54.64|2025半年报,53.21亿|2025三季报,53.54亿|2025三季报,-0.100,38.56,37.15,1.17,0.64,3544.74万,13.43亿,5.51,3.6429,1173.12亿,1159.17亿
275,603288,海天味业,SH,40.77,-0.54,A股,3,1,1,1,1,37.32,23.67,0.00,77.46亿|2025年报,68.44亿|2024年报,73.56亿|2023年报,153.42|2025年报,70.38亿|2025年报,70.45亿|2025年报,-0.220,41.28,40.12,0.29,0.87,1616.11万,6.55亿,8.47,6.0284,2385.79亿,2267.06亿
276,688508,芯朋微,SH,65.19,0.32,A股,1,1,1,1,1,37.31,11.58,0.00,184.50万|2025年报,4057.82万|2024年报,-613.64万|2023年报,207.00|2025年报,1.86亿|2025年报,1.85亿|2025年报,0.210,66.61,64.67,3.93,1.39,516.49万,3.38亿,11.49,3.1405,85.60亿,85.60亿
277,603027,千禾味业,SH,9.41,-1.26,A股,1,1,2,1,1,37.17,16.64,0.00,-,3.38亿|2024年报,4.70亿|2023年报,143.05|2025半年报,2.60亿|2025三季报,2.60亿|2025三季报,-0.120,9.58,9.32,1.18,0.81,1472.27万,1.38亿,12.08,3.8022,125.45亿,117.59亿
278,301043,绿岛风,SZ,52.54,1.96,A股,1,1,1,1,1,37.16,17.16,0.00,-,8498.48万|2024年报,1.56亿|2023年报,51.69|2025半年报,6173.73万|2025三季报,6173.73万|2025三季报,1.010,52.56,51.30,1.13,0.89,63.97万,3322.41万,14.47,4.2611,35.73亿,29.82亿
279,000791,甘肃能源,SZ,8.15,1.87,A股,1,1,1,1,1,37.16,27.17,0.00,51.52亿|2025年报,39.14亿|2024年报,33.40亿|2023年报,250.93|2025年报,20.51亿|2025年报,29.84亿|2025年报,0.150,8.34,7.84,7.81,4.02,1.51亿,12.23亿,3.22,1.7566,264.37亿,157.75亿
280,601019,山东出版,SH,7.89,-5.28,A股,2,1,1,1,1,36.94,13.60,0.00,16.01亿|2025年报,8.62亿|2024年报,24.22亿|2023年报,63.22|2025年报,11.74亿|2025年报,11.70亿|2025年报,-0.440,8.27,7.69,2.24,3.62,4684.12万,3.66亿,3.51,1.0703,164.66亿,164.66亿
281,601811,新华文轩,SH,14.27,-2.66,A股,2,2,2,1,1,36.79,13.48,0.00,15.08亿|2025年报,17.72亿|2024年报,23.53亿|2023年报,59.65|2025年报,15.68亿|2025年报,16.08亿|2025年报,-0.390,14.66,14.13,1.63,0.74,1292.37万,1.85亿,2.81,1.1537,176.07亿,113.00亿
282,920418,苏轴股份,BJ,24.44,1.50,A股,1,1,1,1,1,36.74,20.45,0.00,2.23亿|2025年报,1.52亿|2024年报,1.43亿|2023年报,163.73|2025年报,1.51亿|2025年报,1.51亿|2025年报,0.360,24.52,24.11,0.86,0.84,134.25万,3267.44万,6.59,4.3095,39.71亿,38.05亿
283,603063,禾望电气,SH,34.57,7.46,A股,1,1,1,1,1,36.71,12.92,0.00,4.16亿|2025年报,2.72亿|2024年报,4.88亿|2023年报,37.96|2025年报,5112.13万|2026一季报,5714.31万|2026一季报,2.400,35.28,32.40,12.05,1.73,5526.74万,18.91亿,77.56,3.0351,158.61亿,158.61亿
284,002884,凌霄泵业,SZ,18.36,2.34,A股,1,1,1,1,1,36.70,27.79,0.00,4.59亿|2025年报,4.43亿|2024年报,4.17亿|2023年报,70.42|2025年报,4.55亿|2025年报,4.55亿|2025年报,0.420,18.37,17.89,2.47,1.28,674.74万,1.23亿,3.61,2.7183,65.67亿,50.14亿
285,002452,长高电新,SZ,10.75,4.47,A股,1,1,1,1,1,36.70,12.88,0.00,-,3.41亿|2024年报,2.53亿|2023年报,121.20|2025半年报,2.03亿|2025三季报,2.03亿|2025三季报,0.460,10.83,10.33,4.84,1.56,2496.81万,2.66亿,8.22,2.5848,66.69亿,55.46亿
286,600420,国药现代,SH,9.81,-0.20,A股,2,2,1,1,1,36.67,10.79,0.00,16.98亿|2025年报,22.56亿|2024年报,17.20亿|2023年报,36.46|2025年报,9.42亿|2025年报,11.42亿|2025年报,-0.020,9.87,9.71,1.00,0.86,1336.23万,1.31亿,3.49,0.9549,131.57亿,131.57亿
287,603416,信捷电气,SH,49.90,1.80,A股,1,1,1,1,1,36.65,13.30,0.00,-,1.28亿|2024年报,1.98亿|2023年报,18.69|2025半年报,1.80亿|2025三季报,1.80亿|2025三季报,0.880,50.08,49.12,0.95,1.08,132.84万,6598.10万,10.88,3.0842,78.41亿,69.48亿
288,688160,步科股份,SH,109.29,2.91,A股,1,1,1,1,1,36.63,10.32,0.00,6187.66万|2025年报,8078.40万|2024年报,9943.15万|2023年报,310.90|2025年报,7248.10万|2025年报,7248.31万|2025年报,3.090,109.49,106.01,2.00,1.05,181.94万,1.97亿,34.24,7.6608,99.27亿,99.27亿
289,301029,怡合达,SZ,26.32,0.77,A股,1,1,1,1,1,36.60,17.54,0.00,-,7.29亿|2024年报,3.76亿|2023年报,573.36|2025半年报,4.17亿|2025三季报,4.17亿|2025三季报,0.200,26.68,26.00,1.75,0.88,807.51万,2.12亿,10.00,3.9241,166.92亿,121.57亿
290,000920,沃顿科技,SZ,11.99,0.84,A股,2,2,1,1,1,36.58,11.16,0.00,2.99亿|2025年报,3.08亿|2024年报,1.77亿|2023年报,34.94|2025年报,2.21亿|2025年报,2.31亿|2025年报,0.100,12.05,11.85,1.06,0.76,500.28万,5975.37万,6.42,2.8431,56.67亿,56.66亿
291,301061,匠心家居,SZ,70.64,0.41,A股,1,2,2,2,1,36.48,24.00,0.00,-,4.96亿|2024年报,5.30亿|2023年报,49.65|2025半年报,6.58亿|2025三季报,6.58亿|2025三季报,0.290,71.45,69.70,0.98,1.08,142.11万,1.01亿,5.88,3.8287,154.54亿,102.67亿
292,600018,上港集团,SH,5.00,0.20,A股,2,2,1,1,1,36.34,39.07,0.00,118.03亿|2025年报,92.21亿|2024年报,134.15亿|2023年报,142.08|2025年报,135.65亿|2025年报,149.54亿|2025年报,0.010,5.01,4.97,0.14,0.84,3191.76万,1.59亿,2.15,0.8259,1164.00亿,1162.34亿
293,600660,福耀玻璃,SH,58.57,2.11,A股,2,1,1,1,1,36.30,18.81,0.00,120.55亿|2025年报,85.62亿|2024年报,76.25亿|2023年报,200.31|2025年报,93.12亿|2025年报,93.17亿|2025年报,1.210,58.78,57.45,0.67,1.42,1337.23万,7.78亿,4.10,4.0699,1528.53亿,1173.15亿
294,001289,龙源电力,SZ,15.41,0.26,A股,2,1,1,1,1,36.28,19.46,0.00,218.33亿|2025年报,170.62亿|2024年报,143.46亿|2023年报,184.07|2025年报,45.26亿|2025年报,54.88亿|2025年报,0.040,15.50,15.25,0.17,0.75,854.21万,1.31亿,7.12,1.7176,1288.25亿,776.96亿
295,301016,雷尔伟,SZ,22.78,0.75,A股,1,1,1,1,1,36.28,17.43,0.00,1551.04万|2025年报,4426.24万|2024年报,-2014.52万|2023年报,40.43|2025年报,7081.66万|2025年报,7073.14万|2025年报,0.170,22.80,22.43,0.93,0.86,193.34万,4371.72万,17.56,4.8414,49.75亿,47.19亿
296,300308,中际旭创,SZ,773.00,4.74,A股,2,1,1,1,1,36.28,24.46,0.00,108.96亿|2025年报,31.65亿|2024年报,18.97亿|2023年报,295.44|2025年报,107.97亿|2025年报,115.80亿|2025年报,35.000,786.22,748.78,2.65,1.01,2926.68万,224.76亿,19.89,28.8557,8588.94亿,8545.51亿
297,600269,赣粤高速,SH,4.46,0.22,A股,1,1,1,1,1,36.28,20.13,0.00,29.75亿|2025年报,26.00亿|2024年报,24.69亿|2023年报,141.92|2025年报,12.80亿|2025年报,13.75亿|2025年报,0.010,4.48,4.44,0.47,0.69,1097.04万,4889.25万,2.04,0.5342,104.16亿,104.16亿
298,002138,顺络电子,SZ,35.45,2.55,A股,1,1,1,1,1,36.16,15.90,0.00,16.99亿|2025年报,14.31亿|2024年报,11.44亿|2023年报,116.79|2025年报,10.21亿|2025年报,11.41亿|2025年报,0.880,36.05,34.95,3.71,1.45,2804.83万,9.97亿,7.00,4.6547,285.84亿,268.18亿
299,300922,天秦装备,SZ,20.14,-0.05,A股,1,1,1,1,1,36.12,19.05,0.00,7677.55万|2025年报,7573.20万|2024年报,1.01亿|2023年报,905.23|2025年报,4234.36万|2025年报,4234.58万|2025年报,-0.010,20.19,19.91,2.53,0.90,315.33万,6321.73万,18.88,3.3491,31.97亿,25.15亿
300,605016,百龙创园,SH,27.09,-2.48,A股,3,3,1,1,1,36.05,23.43,0.00,1.35亿|2025年报,3.01亿|2024年报,1.95亿|2023年报,283.55|2025年报,3.69亿|2025年报,3.69亿|2025年报,-0.690,27.90,26.73,1.71,0.67,716.44万,1.94亿,7.72,5.4649,113.78亿,113.78亿
301,605060,联德股份,SH,55.23,-5.54,A股,1,1,1,1,1,36.02,18.64,0.00,3.05亿|2025年报,2.98亿|2024年报,3.25亿|2023年报,176.04|2025年报,2.28亿|2025年报,2.29亿|2025年报,-3.240,59.03,54.53,6.07,1.93,1451.47万,8.14亿,14.59,5.3841,132.88亿,131.97亿
302,688267,中触媒,SH,31.34,2.75,A股,1,1,1,1,1,35.93,17.91,0.00,-,1.88亿|2024年报,1.07亿|2023年报,89.65|2025半年报,1.73亿|2025三季报,1.73亿|2025三季报,0.840,31.70,30.28,2.22,1.26,391.44万,1.22亿,7.98,1.9490,55.22亿,55.22亿
303,603893,瑞芯微,SH,169.77,0.56,A股,1,2,1,1,1,35.92,12.64,0.00,-,13.79亿|2024年报,6.81亿|2023年报,159.12|2025半年报,7.80亿|2025三季报,7.80亿|2025三季报,0.940,171.25,167.68,1.55,0.82,650.74万,11.03亿,22.92,16.2988,714.72亿,714.52亿
304,601298,青岛港,SH,8.70,0.46,A股,2,2,1,1,1,35.91,30.35,0.00,55.49亿|2025年报,51.53亿|2024年报,61.51亿|2023年报,155.74|2025年报,52.72亿|2025年报,57.24亿|2025年报,0.040,8.71,8.60,0.14,0.64,749.48万,6499.58万,2.68,1.2354,564.73亿,469.11亿
305,002991,甘源食品,SZ,50.18,-1.68,A股,1,2,1,1,1,35.85,17.24,0.00,-,3.27亿|2024年报,2.58亿|2023年报,175.40|2025半年报,1.56亿|2025三季报,1.56亿|2025三季报,-0.860,51.40,49.21,2.10,1.58,105.11万,5257.60万,7.49,2.8160,46.78亿,25.06亿
306,920640,富士达,BJ,35.82,4.98,A股,1,1,1,1,1,35.84,12.26,0.00,6652.78万|2025年报,1.08亿|2024年报,1.25亿|2023年报,5.20|2025年报,7772.56万|2025年报,8800.14万|2025年报,1.700,35.84,34.38,3.68,1.62,664.35万,2.34亿,21.63,7.2621,67.24亿,64.59亿
307,600971,恒源煤电,SH,7.29,-1.62,A股,1,1,1,1,1,35.81,12.51,0.00,5.55亿|2025年报,13.77亿|2024年报,35.77亿|2023年报,76.19|2025年报,-1.92亿|2025年报,-2.05亿|2025年报,-0.120,7.43,7.21,0.88,0.59,1056.49万,7701.64万,-11.41,0.7439,87.48亿,87.48亿
308,600885,宏发股份,SH,26.90,2.71,A股,1,1,1,1,1,35.78,14.59,0.00,29.69亿|2025年报,22.35亿|2024年报,26.61亿|2023年报,105.71|2025年报,17.58亿|2025年报,23.39亿|2025年报,0.710,27.00,26.30,1.30,0.83,2013.30万,5.35亿,5.92,3.2960,416.30亿,416.30亿
309,603456,九洲药业,SH,17.26,1.65,A股,1,1,1,1,1,35.72,15.22,0.00,-,9.92亿|2024年报,13.60亿|2023年报,135.80|2025半年报,7.48亿|2025三季报,7.49亿|2025三季报,0.280,17.27,16.89,1.42,0.82,1261.34万,2.15亿,5.13,1.7535,153.52亿,153.52亿
310,002546,新联电子,SZ,9.42,4.90,A股,1,1,1,1,1,35.59,42.74,0.00,1.26亿|2025年报,2.47亿|2024年报,-582.05万|2023年报,26.43|2025年报,5.78亿|2025年报,5.79亿|2025年报,0.440,9.44,9.03,5.74,2.42,4596.60万,4.25亿,3.40,2.0708,78.57亿,75.48亿
311,300718,长盛轴承,SZ,72.77,0.62,A股,1,2,2,1,1,35.49,21.30,0.00,-,2.76亿|2024年报,2.74亿|2023年报,60.84|2025半年报,1.88亿|2025三季报,1.96亿|2025三季报,0.450,73.00,71.88,2.06,0.88,399.31万,2.89亿,28.94,12.9804,217.42亿,141.06亿
312,603357,设计总院,SH,8.02,-0.37,A股,2,1,1,1,1,35.29,14.70,0.00,3.91亿|2025年报,-1.49亿|2024年报,2.73亿|2023年报,45.76|2025年报,3.66亿|2025年报,3.72亿|2025年报,-0.030,8.09,7.96,0.55,0.86,303.87万,2434.08万,3.07,1.1324,44.96亿,44.56亿
313,600188,兖矿能源,SH,19.49,-1.96,A股,2,2,1,2,2,35.26,14.32,0.00,194.85亿|2025年报,223.42亿|2024年报,161.59亿|2023年报,107.24|2025年报,83.81亿|2025年报,142.26亿|2025年报,-0.390,19.76,19.26,0.90,0.84,5392.71万,10.47亿,5.84,2.7279,1956.30亿,1161.87亿
314,600562,国睿科技,SH,27.62,1.62,A股,1,1,1,1,1,35.17,18.52,0.00,-,-3.05亿|2024年报,4.14亿|2023年报,14.79|2025半年报,3.73亿|2025三季报,3.72亿|2025三季报,0.440,27.79,26.68,1.39,1.63,1725.28万,4.70亿,23.02,5.3721,343.00亿,343.00亿
315,300910,瑞丰新材,SZ,48.49,-1.62,A股,1,1,1,1,1,35.14,21.90,0.00,7.47亿|2025年报,4.36亿|2024年报,6.40亿|2023年报,269.91|2025年报,7.36亿|2025年报,7.42亿|2025年报,-0.800,49.87,48.21,1.72,1.10,355.62万,1.73亿,4.87,3.7553,143.50亿,100.34亿
316,301158,德石股份,SZ,24.90,-0.72,A股,1,2,1,1,1,35.11,15.10,0.00,-,1.97亿|2024年报,1.06亿|2023年报,52.64|2025半年报,9571.61万|2025三季报,9827.02万|2025三季报,-0.180,25.05,24.60,3.07,0.74,449.74万,1.11亿,9.78,2.6832,37.44亿,36.48亿
317,300453,三鑫医疗,SZ,9.70,-0.51,A股,1,2,1,1,1,35.11,16.84,0.00,-,3.90亿|2024年报,3.40亿|2023年报,216.72|2025半年报,1.85亿|2025三季报,2.04亿|2025三季报,-0.050,9.83,9.56,2.23,0.90,801.55万,7738.07万,6.84,3.4785,50.64亿,34.91亿
318,603833,欧派家居,SH,50.57,0.40,A股,1,1,1,1,1,35.04,13.52,0.00,-,54.99亿|2024年报,48.78亿|2023年报,44.21|2025半年报,18.32亿|2025三季报,18.35亿|2025三季报,0.200,50.78,49.23,0.47,1.13,285.80万,1.43亿,4.20,1.6932,308.05亿,308.05亿
319,002859,洁美科技,SZ,42.80,0.19,A股,1,2,1,1,1,35.01,13.69,0.00,-,2.55亿|2024年报,2.39亿|2023年报,438.87|2025半年报,1.76亿|2025三季报,1.68亿|2025三季报,0.080,43.79,41.78,1.84,1.10,748.54万,3.20亿,26.23,6.2805,184.56亿,173.72亿
320,601225,陕西煤业,SH,25.01,-1.22,A股,1,3,1,1,1,35.01,20.43,0.00,-,423.50亿|2024年报,419.86亿|2023年报,106.33|2025半年报,127.13亿|2025三季报,199.32亿|2025三季报,-0.310,25.32,24.78,0.34,1.02,3270.69万,8.17亿,4.77,2.5061,2424.72亿,2424.72亿
321,601088,中国神华,SH,45.66,-1.42,A股,2,1,1,1,1,35.00,20.64,0.00,750.59亿|2025年报,933.48亿|2024年报,896.87亿|2023年报,194.82|2025年报,528.49亿|2025年报,627.83亿|2025年报,-0.660,46.22,45.42,0.18,1.02,3015.77万,13.77亿,4.68,2.1109,9903.40亿,7529.81亿
322,300759,康龙化成,SZ,31.38,2.31,A股,1,1,1,1,1,34.94,12.90,0.00,32.21亿|2025年报,25.77亿|2024年报,27.54亿|2023年报,210.23|2025年报,16.64亿|2025年报,15.55亿|2025年报,0.710,31.38,30.36,2.47,0.81,3502.51万,10.82亿,8.66,3.8230,576.54亿,445.61亿
323,600598,北大荒,SH,16.10,0.00,A股,1,1,1,1,1,34.84,21.39,0.00,12.40亿|2025年报,14.94亿|2024年报,15.15亿|2023年报,54.48|2025年报,11.66亿|2025年报,11.67亿|2025年报,0.000,16.13,15.93,1.13,0.51,2002.41万,3.21亿,6.14,3.5761,286.21亿,286.21亿
324,600563,法拉电子,SH,126.27,5.76,A股,1,1,1,1,1,34.68,23.58,0.00,12.73亿|2025年报,12.58亿|2024年报,11.25亿|2023年报,212.66|2025年报,11.92亿|2025年报,11.93亿|2025年报,6.880,126.31,118.99,4.83,1.49,1086.43万,13.31亿,5.96,4.7114,284.11亿,284.11亿
325,300316,晶盛机电,SZ,42.61,0.61,A股,1,1,1,1,1,34.62,17.42,0.00,7.39亿|2025年报,17.73亿|2024年报,30.88亿|2023年报,60.59|2025年报,8.85亿|2025年报,8.59亿|2025年报,0.260,43.28,41.65,2.38,1.12,2927.61万,12.39亿,15.77,3.2597,557.99亿,524.77亿
326,603699,纽威股份,SH,51.11,2.22,A股,1,2,1,1,1,34.59,15.96,0.00,-,11.12亿|2024年报,6.37亿|2023年报,106.52|2025半年报,11.14亿|2025三季报,11.26亿|2025三季报,1.110,51.20,50.00,0.70,0.73,527.82万,2.68亿,8.89,10.6331,396.25亿,387.49亿
327,002179,中航光电,SZ,36.51,-0.63,A股,1,1,1,1,1,34.57,15.25,0.00,15.62亿|2025年报,21.50亿|2024年报,30.88亿|2023年报,217.39|2025年报,21.62亿|2025年报,23.50亿|2025年报,-0.230,36.96,36.31,1.37,0.54,2865.02万,10.48亿,8.94,3.1855,773.07亿,765.43亿
328,600008,首创环保,SH,3.04,-0.33,A股,2,1,1,1,1,34.57,14.13,0.00,37.62亿|2025年报,40.83亿|2024年报,34.22亿|2023年报,97.33|2025年报,17.72亿|2025年报,22.53亿|2025年报,-0.010,3.06,3.02,1.03,0.85,7560.32万,2.29亿,3.15,1.0760,223.15亿,223.15亿
329,000983,山西焦煤,SZ,6.47,-0.46,A股,1,1,1,1,1,34.52,12.11,0.00,-,35.88亿|2024年报,136.97亿|2023年报,54.73|2025半年报,14.34亿|2025三季报,19.30亿|2025三季报,-0.030,6.49,6.41,0.64,0.82,3634.52万,2.34亿,6.40,1.0064,367.31亿,367.31亿
330,600845,宝信软件,SH,22.78,1.52,A股,1,1,1,1,1,34.46,16.53,0.00,21.47亿|2025年报,16.71亿|2024年报,26.08亿|2023年报,199.41|2025年报,13.05亿|2025年报,13.52亿|2025年报,0.340,23.15,22.58,0.97,1.15,2064.68万,4.71亿,12.53,5.9226,653.96亿,486.14亿
331,603992,松霖科技,SH,32.69,3.06,A股,2,2,2,1,1,34.45,11.92,0.00,2.88亿|2025年报,6.04亿|2024年报,4.77亿|2023年报,193.38|2025年报,2.05亿|2025年报,2.05亿|2025年报,0.970,32.80,31.77,1.00,0.74,443.25万,1.44亿,17.63,4.0752,144.83亿,144.83亿
332,300570,太辰光,SZ,136.42,-0.13,A股,1,1,1,1,1,34.34,18.87,0.00,1.52亿|2025年报,1.84亿|2024年报,1.15亿|2023年报,140.35|2025年报,2.99亿|2025年报,3.08亿|2025年报,-0.180,137.39,132.08,17.99,1.09,3457.57万,46.46亿,25.91,18.1465,309.85亿,262.19亿
333,601188,龙江交通,SH,3.30,0.00,A股,1,1,1,1,1,34.33,21.03,0.00,2.50亿|2025年报,7.64亿|2024年报,1.20亿|2023年报,33.40|2025年报,1.68亿|2025年报,1.77亿|2025年报,0.000,3.32,3.26,0.96,0.73,1258.89万,4139.90万,6.41,0.9629,43.08亿,43.08亿
334,601567,三星电气,SH,25.28,-1.67,A股,1,1,1,1,1,34.32,16.16,0.00,-,18.36亿|2024年报,19.01亿|2023年报,175.61|2025半年报,15.28亿|2025三季报,15.07亿|2025三季报,-0.430,26.15,25.15,1.65,1.13,2320.88万,5.91亿,5.81,2.8603,355.24亿,355.24亿
335,688516,奥特维,SH,72.48,1.75,A股,1,2,2,2,1,34.19,17.18,0.00,-,7.88亿|2024年报,7.82亿|2023年报,220.25|2025半年报,3.90亿|2025三季报,3.45亿|2025三季报,1.250,74.40,69.80,4.08,0.60,1283.42万,9.25亿,14.65,6.1571,228.55亿,228.14亿
336,002895,川恒股份,SZ,37.99,-1.61,A股,2,1,1,1,1,34.14,16.84,0.00,6.42亿|2025年报,8.59亿|2024年报,5.28亿|2023年报,72.19|2025年报,12.60亿|2025年报,13.35亿|2025年报,-0.620,38.90,37.51,1.86,1.17,1103.73万,4.17亿,4.57,2.9865,230.18亿,226.03亿
337,300855,图南股份,SZ,42.81,2.17,A股,1,2,1,1,1,34.13,22.54,0.00,-,3.01亿|2024年报,1.00亿|2023年报,135.02|2025半年报,1.23亿|2025三季报,1.23亿|2025三季报,0.910,43.26,41.48,1.87,1.04,548.67万,2.32亿,34.32,8.5901,169.33亿,125.41亿
338,300918,南山智尚,SZ,14.50,1.83,A股,1,1,1,1,1,34.12,12.22,0.00,-,2.43亿|2024年报,2.17亿|2023年报,255.01|2025半年报,1.17亿|2025三季报,1.17亿|2025三季报,0.260,14.66,14.18,2.28,1.40,1154.38万,1.66亿,15.64,1.9319,73.39亿,73.39亿
339,603949,雪龙集团,SH,18.69,-4.25,A股,1,1,1,1,1,34.09,18.63,0.00,4293.38万|2025年报,8070.48万|2024年报,7907.18万|2023年报,391.40|2025年报,8998.51万|2025年报,8998.51万|2025年报,-0.830,19.44,18.51,5.45,1.23,1144.68万,2.15亿,10.94,3.6414,39.39亿,39.29亿
340,688006,杭可科技,SH,31.47,10.19,A股,1,3,2,1,1,34.08,15.76,0.00,-,1.69亿|2024年报,2.15亿|2023年报,95.43|2025半年报,3.86亿|2025三季报,3.86亿|2025三季报,2.910,31.74,28.90,4.09,2.70,2469.92万,7.56亿,12.32,3.5073,189.98亿,189.98亿
341,002046,国机精工,SZ,48.95,5.81,A股,1,1,1,1,1,34.08,10.47,0.00,-2.23亿|2025年报,2.54亿|2024年报,3.64亿|2023年报,300.61|2025年报,2.60亿|2025年报,3.25亿|2025年报,2.690,49.43,46.50,5.33,2.11,2816.13万,13.59亿,25.20,6.0056,262.47亿,258.85亿
342,300580,贝斯特,SZ,25.94,5.66,A股,2,2,1,1,1,34.07,19.85,0.00,1.52亿|2025年报,2.28亿|2024年报,4.27亿|2023年报,109.17|2025年报,2.78亿|2025年报,2.78亿|2025年报,1.390,26.26,24.55,4.16,1.78,1964.52万,5.03亿,11.72,3.9613,130.30亿,122.59亿
343,601827,三峰环境,SH,7.99,0.25,A股,1,1,1,1,1,34.06,21.22,0.00,23.55亿|2025年报,20.54亿|2024年报,23.72亿|2023年报,56.84|2025年报,12.31亿|2025年报,12.82亿|2025年报,0.020,8.02,7.92,0.34,0.71,573.52万,4565.09万,2.71,1.1114,133.59亿,133.59亿
344,002595,豪迈科技,SZ,82.39,0.51,A股,1,2,1,1,2,34.04,22.32,0.00,10.34亿|2025年报,11.39亿|2024年报,16.05亿|2023年报,236.21|2025年报,23.93亿|2025年报,23.95亿|2025年报,0.420,83.00,80.80,0.40,0.83,320.47万,2.61亿,6.89,5.4805,659.12亿,654.56亿
345,003816,中国广核,SZ,4.44,-0.45,A股,1,1,1,1,1,34.00,20.07,0.00,299.71亿|2025年报,380.16亿|2024年报,331.20亿|2023年报,250.52|2025年报,97.65亿|2025年报,147.31亿|2025年报,-0.020,4.50,4.41,0.29,0.72,1.15亿,5.13亿,5.74,1.8209,2242.14亿,1746.48亿
346,300996,普联软件,SZ,16.72,1.77,A股,1,1,1,1,1,33.98,10.13,0.00,9454.45万|2025年报,1.16亿|2024年报,-5914.45万|2023年报,143.54|2025年报,7397.90万|2025年报,6672.95万|2025年报,0.290,16.77,16.48,2.97,0.55,701.98万,1.17亿,15.98,3.5898,47.28亿,39.55亿
347,002117,东港股份,SZ,10.04,0.70,A股,1,2,1,1,1,33.95,13.06,0.00,2.28亿|2025年报,2.61亿|2024年报,2.02亿|2023年报,111.52|2025年报,1.44亿|2025年报,1.44亿|2025年报,0.070,10.09,9.91,0.98,0.67,514.63万,5138.80万,9.12,3.6721,52.58亿,52.56亿
348,688230,芯导科技,SH,65.06,1.09,A股,1,1,1,1,1,33.95,29.57,0.00,6278.71万|2025年报,8474.93万|2024年报,6907.97万|2023年报,4.08|2025年报,1.06亿|2025年报,1.06亿|2025年报,0.700,65.16,64.02,0.74,0.98,87.31万,5648.81万,18.02,3.4465,76.51亿,76.51亿
349,002632,道明光学,SZ,12.13,1.51,A股,2,2,1,1,1,33.88,12.78,0.00,4.49亿|2025年报,2.62亿|2024年报,2.39亿|2023年报,35.60|2025年报,2.22亿|2025年报,2.21亿|2025年报,0.180,12.16,11.99,1.82,0.92,1044.71万,1.26亿,8.55,3.4676,75.76亿,69.68亿
350,300403,汉宇集团,SZ,12.00,0.42,A股,2,2,2,1,2,33.76,20.96,0.00,2.01亿|2025年报,2.16亿|2024年报,2.96亿|2023年报,139.49|2025年报,2.36亿|2025年报,2.36亿|2025年报,0.050,12.08,11.90,1.70,1.06,725.84万,8692.29万,7.66,3.2604,72.36亿,51.25亿
351,301181,标榜股份,SZ,46.39,-1.28,A股,1,2,1,1,1,33.72,24.86,0.00,-,1.23亿|2024年报,1.64亿|2023年报,94.80|2025半年报,9045.02万|2025三季报,8942.15万|2025三季报,-0.600,47.86,46.06,4.37,0.61,394.48万,1.84亿,14.81,3.7414,53.60亿,41.84亿
352,002463,沪电股份,SZ,97.54,10.00,A股,1,1,1,1,1,33.67,18.69,0.00,38.72亿|2025年报,23.25亿|2024年报,22.43亿|2023年报,529.65|2025年报,38.22亿|2025年报,38.19亿|2025年报,8.870,97.54,90.88,4.88,1.13,9374.41万,89.99亿,12.28,12.4202,1877.02亿,1875.51亿
353,001965,招商公路,SZ,8.82,0.68,A股,1,1,1,1,1,33.62,53.03,0.00,65.11亿|2025年报,71.21亿|2024年报,44.38亿|2023年报,28.10|2025年报,46.10亿|2025年报,51.07亿|2025年报,0.060,8.82,8.74,0.14,0.51,920.73万,8087.93万,3.25,0.8692,599.33亿,599.33亿
354,603655,朗博科技,SH,39.62,0.35,A股,1,2,1,1,1,33.57,11.12,0.00,-,1251.13万|2024年报,1750.99万|2023年报,43.39|2025半年报,3255.25万|2025三季报,3255.25万|2025三季报,0.140,40.31,39.27,1.34,0.70,142.10万,5618.90万,32.25,7.5682,42.00亿,42.00亿
355,603100,川仪股份,SH,19.92,0.20,A股,1,2,1,1,1,33.56,10.17,0.00,-,4.83亿|2024年报,7.08亿|2023年报,99.96|2025半年报,4.62亿|2025三季报,4.69亿|2025三季报,0.040,20.15,19.74,0.76,0.72,386.52万,7681.67万,5.54,2.2614,102.22亿,101.90亿
356,002438,江苏神通,SZ,16.55,-2.53,A股,1,1,1,1,1,33.37,13.22,0.00,4.20亿|2025年报,3.98亿|2024年报,1.85亿|2023年报,37.82|2025年报,2.85亿|2025年报,2.84亿|2025年报,-0.430,17.11,16.25,3.04,1.65,1427.00万,2.36亿,7.36,2.2576,84.00亿,77.60亿
357,605111,新洁能,SH,38.59,1.82,A股,1,2,1,1,1,33.35,21.99,0.00,3.86亿|2025年报,2.95亿|2024年报,4.75亿|2023年报,109.66|2025年报,3.94亿|2025年报,3.92亿|2025年报,0.690,38.76,38.02,2.17,1.02,902.17万,3.47亿,10.18,3.7054,160.28亿,160.28亿
358,300347,泰格医药,SZ,59.45,6.05,A股,1,1,1,1,1,33.32,15.89,0.00,11.18亿|2025年报,10.97亿|2024年报,11.50亿|2023年报,58.02|2025年报,8.88亿|2025年报,8.05亿|2025年报,3.390,59.72,55.81,2.52,1.21,1427.57万,8.22亿,14.41,2.4422,511.88亿,336.61亿
359,002353,杰瑞股份,SZ,110.75,-0.88,A股,1,2,1,1,1,33.22,19.02,0.00,-,25.94亿|2024年报,10.49亿|2023年报,78.74|2025半年报,18.08亿|2025三季报,18.65亿|2025三季报,-0.980,113.90,109.09,2.99,0.83,2074.70万,22.94亿,15.68,5.1197,1133.92亿,767.77亿
360,001219,青岛食品,SZ,14.52,-0.27,A股,1,1,1,1,1,33.21,18.07,0.00,-,9306.92万|2024年报,7330.56万|2023年报,92.26|2025半年报,9276.90万|2025三季报,9287.71万|2025三季报,-0.040,14.63,14.38,1.42,0.87,269.53万,3906.44万,7.63,2.6663,28.31亿,27.61亿
361,300127,银河磁体,SZ,30.32,0.26,A股,1,1,1,1,1,33.20,19.56,0.00,9966.22万|2025年报,2.88亿|2024年报,2515.20万|2023年报,240.13|2025年报,1.78亿|2025年报,1.78亿|2025年报,0.080,30.49,29.98,2.44,0.88,563.12万,1.70亿,13.78,6.4687,97.98亿,69.98亿
362,600989,宝丰能源,SH,29.50,-2.22,A股,2,1,1,3,2,33.15,20.75,0.00,168.51亿|2025年报,88.98亿|2024年报,86.93亿|2023年报,201.06|2025年报,113.50亿|2025年报,113.50亿|2025年报,-0.670,29.74,28.88,1.27,0.73,9331.56万,27.35亿,4.76,4.4706,2163.34亿,2163.34亿
363,603043,广州酒家,SH,15.27,0.20,A股,2,1,1,1,1,32.98,10.54,0.00,7.46亿|2025年报,8.92亿|2024年报,10.38亿|2023年报,85.59|2025年报,4.88亿|2025年报,5.16亿|2025年报,0.030,15.34,15.12,0.52,0.94,291.39万,4426.41万,4.45,2.2061,86.85亿,86.12亿
364,002128,电投能源,SZ,31.58,0.13,A股,1,2,1,1,1,32.93,19.18,0.00,-,79.50亿|2024年报,68.71亿|2023年报,183.81|2025半年报,41.18亿|2025三季报,49.48亿|2025三季报,0.040,32.18,31.43,0.67,0.93,1509.86万,4.80亿,4.30,1.9361,707.89亿,707.89亿
365,688586,江航装备,SH,14.12,0.86,A股,1,1,1,2,1,32.92,11.06,0.00,-7528.59万|2025年报,-1.13亿|2024年报,6178.88万|2023年报,76.14|2025年报,5501.42万|2025年报,5501.42万|2025年报,0.120,14.25,13.93,0.92,1.08,725.28万,1.02亿,50.78,4.5143,111.74亿,111.74亿
366,605183,确成股份,SH,19.24,0.05,A股,1,1,1,1,1,32.77,23.25,0.00,5.70亿|2025年报,5.85亿|2024年报,3.90亿|2023年报,510.29|2025年报,4.97亿|2025年报,4.97亿|2025年报,0.010,19.50,18.96,0.40,0.81,166.56万,3187.17万,4.03,2.1447,80.02亿,79.35亿
367,002833,弘亚数控,SZ,17.91,-0.83,A股,1,2,2,1,1,32.64,20.69,0.00,-,5.64亿|2024年报,7.02亿|2023年报,71.57|2025半年报,3.39亿|2025三季报,3.40亿|2025三季报,-0.150,18.26,17.67,1.36,0.95,393.33万,7032.73万,5.60,2.6450,75.98亿,51.62亿
368,600548,深高速,SH,9.19,0.22,A股,1,1,1,1,1,32.63,17.21,0.00,46.24亿|2025年报,37.17亿|2024年报,40.95亿|2023年报,132.58|2025年报,11.49亿|2025年报,11.86亿|2025年报,0.020,9.20,9.13,0.15,0.48,263.50万,2412.86万,5.07,1.0127,233.23亿,157.56亿
369,920799,艾融软件,BJ,36.92,0.22,A股,2,3,1,1,2,32.63,11.79,0.00,-,9207.01万|2024年报,7999.68万|2023年报,14.21|2025半年报,5210.69万|2025三季报,5443.39万|2025三季报,0.080,37.48,36.30,3.08,0.70,372.23万,1.37亿,37.16,18.6009,77.45亿,44.56亿
370,688257,新锐股份,SH,78.08,6.41,A股,2,2,1,1,1,32.60,11.34,0.00,1.55亿|2025年报,2.02亿|2024年报,4513.42万|2023年报,133.65|2025年报,2.26亿|2025年报,2.61亿|2025年报,4.700,79.23,72.90,4.63,1.47,1168.12万,8.97亿,21.79,8.3532,197.08亿,197.08亿
371,301003,江苏博云,SZ,52.25,2.55,A股,2,2,1,2,2,32.56,21.12,0.00,1.78亿|2025年报,1.26亿|2024年报,1.24亿|2023年报,171.25|2025年报,1.02亿|2025年报,1.02亿|2025年报,1.300,53.75,50.96,5.71,1.55,429.19万,2.23亿,12.43,4.4873,50.75亿,39.26亿
372,300373,扬杰科技,SZ,78.38,1.16,A股,2,2,1,1,1,32.54,17.03,0.00,17.03亿|2025年报,13.92亿|2024年报,8.99亿|2023年报,145.64|2025年报,12.59亿|2025年报,12.45亿|2025年报,0.900,79.60,77.47,2.14,0.94,1161.10万,9.12亿,8.46,4.4623,425.88亿,424.93亿
373,300304,云意电气,SZ,13.00,-0.38,A股,2,2,1,1,1,32.52,20.78,0.00,3.61亿|2025年报,3.78亿|2024年报,2.12亿|2023年报,213.56|2025年报,4.67亿|2025年报,5.40亿|2025年报,-0.050,13.24,12.80,1.98,0.99,1694.27万,2.20亿,6.12,3.3297,114.16亿,111.09亿
374,601126,四方股份,SH,44.10,-0.59,A股,1,1,1,1,1,32.33,10.44,0.00,12.25亿|2025年报,12.54亿|2024年报,12.33亿|2023年报,153.60|2025年报,8.29亿|2025年报,8.29亿|2025年报,-0.260,44.75,42.60,3.97,1.25,3274.36万,14.34亿,11.08,7.5064,367.43亿,363.86亿
375,600826,兰生股份,SH,9.64,1.05,A股,1,2,1,1,1,32.24,21.27,0.00,-,3.05亿|2024年报,-1.36亿|2023年报,2.25|2025半年报,1.81亿|2025三季报,1.99亿|2025三季报,0.100,9.69,9.53,0.74,1.19,545.94万,5240.67万,9.79,1.6518,70.91亿,70.91亿
376,301056,森赫股份,SZ,14.97,0.88,A股,1,1,1,1,1,32.22,13.01,0.00,-,1.08亿|2024年报,1.95亿|2023年报,7.31|2025半年报,5543.35万|2025三季报,5543.35万|2025三季报,0.130,15.32,14.76,1.76,1.05,309.19万,4651.03万,18.01,5.2093,39.94亿,26.35亿
377,300568,星源材质,SZ,16.26,2.52,A股,1,1,1,1,1,32.18,10.65,0.00,7.53亿|2025年报,3.68亿|2024年报,11.34亿|2023年报,431.46|2025年报,3636.78万|2025年报,7382.57万|2025年报,0.400,16.33,15.69,6.76,1.00,8225.64万,13.23亿,150.42,2.2187,218.81亿,197.91亿
378,603037,凯众股份,SH,14.07,6.03,A股,1,1,1,1,1,32.09,10.79,0.00,1.61亿|2025年报,1.29亿|2024年报,1.11亿|2023年报,140.28|2025年报,7358.41万|2025年报,7234.82万|2025年报,0.800,14.14,13.27,3.61,2.74,960.80万,1.32亿,12.76,3.8152,37.56亿,37.45亿
379,000582,北部湾港,SZ,10.71,1.42,A股,2,2,1,1,1,32.04,17.61,0.00,30.63亿|2025年报,20.91亿|2024年报,21.55亿|2023年报,158.96|2025年报,10.38亿|2025年报,11.94亿|2025年报,0.150,10.76,10.63,1.15,0.76,2357.86万,2.52亿,6.22,1.3433,258.21亿,219.63亿
380,002801,微光股份,SZ,31.84,1.63,A股,2,1,1,1,2,32.02,16.47,0.00,2.34亿|2025年报,3.04亿|2024年报,2.60亿|2023年报,169.08|2025年报,3.64亿|2025年报,3.64亿|2025年报,0.510,31.90,31.43,1.42,1.00,163.91万,5197.79万,5.02,3.8200,73.11亿,36.87亿
381,002130,沃尔核材,SZ,25.64,2.03,A股,1,1,1,1,1,32.00,13.66,0.00,11.60亿|2025年报,8.98亿|2024年报,8.28亿|2023年报,312.44|2025年报,11.44亿|2025年报,12.21亿|2025年报,0.510,25.98,25.38,5.03,1.32,5759.93万,14.80亿,7.84,5.5245,358.93亿,293.45亿
382,301200,大族数控,SZ,192.44,5.02,A股,1,1,1,1,1,31.94,10.48,0.00,1.81亿|2025年报,1.55亿|2024年报,4.17亿|2023年报,164.51|2025年报,8.24亿|2025年报,8.18亿|2025年报,9.190,198.68,181.12,1.34,1.00,564.98万,10.84亿,28.22,15.3274,930.50亿,810.92亿
383,600573,惠泉啤酒,SH,11.68,-3.55,A股,1,1,1,1,1,31.85,10.17,0.00,9861.20万|2025年报,1.33亿|2024年报,7509.34万|2023年报,42.22|2025年报,7999.05万|2025年报,8013.89万|2025年报,-0.430,12.24,11.55,5.13,1.10,1281.72万,1.50亿,9.13,2.1509,29.20亿,29.20亿
384,002152,广电运通,SZ,12.03,0.75,A股,2,1,1,1,1,31.84,11.30,0.00,17.00亿|2025年报,12.67亿|2024年报,15.03亿|2023年报,134.42|2025年报,8.61亿|2025年报,11.09亿|2025年报,0.090,12.13,11.95,0.67,0.66,1651.55万,1.99亿,8.68,2.3930,298.75亿,298.60亿
385,002847,盐津铺子,SZ,55.00,-1.08,A股,2,2,1,1,1,31.67,12.48,0.00,9.09亿|2025年报,11.34亿|2024年报,6.64亿|2023年报,413.95|2025年报,7.48亿|2025年报,7.43亿|2025年报,-0.600,56.13,54.22,1.18,0.82,287.24万,1.58亿,5.01,7.0328,149.99亿,134.11亿
386,002947,恒铭达,SZ,67.77,0.19,A股,1,1,1,1,1,31.62,17.50,0.00,6.87亿|2025年报,2.71亿|2024年报,2.67亿|2023年报,82.25|2025年报,5.32亿|2025年报,5.34亿|2025年报,0.130,69.29,66.60,5.90,0.52,1136.42万,7.69亿,8.16,5.5734,173.63亿,130.55亿
387,688187,时代电气,SH,51.08,2.06,A股,2,1,1,1,2,31.51,15.11,0.00,39.65亿|2025年报,33.61亿|2024年报,27.68亿|2023年报,258.05|2025年报,40.97亿|2025年报,43.09亿|2025年报,1.030,51.13,49.95,0.54,1.20,470.87万,2.38亿,4.23,1.6326,693.64亿,443.84亿
388,002409,雅克科技,SZ,88.09,2.96,A股,1,2,1,1,1,31.46,12.47,0.00,-,6.04亿|2024年报,5.89亿|2023年报,171.88|2025半年报,7.96亿|2025三季报,8.64亿|2025三季报,2.530,88.64,86.26,3.83,1.32,1218.89万,10.69亿,13.17,5.3687,419.24亿,280.59亿
389,300809,华辰装备,SZ,33.81,1.50,A股,1,2,1,1,1,31.39,20.02,0.00,-,1.26亿|2024年报,2410.60万|2023年报,66.15|2025半年报,4331.26万|2025三季报,4330.19万|2025三季报,0.500,33.81,33.40,1.55,0.96,233.05万,7839.92万,49.48,5.2227,85.72亿,50.91亿
390,688128,中国电研,SH,25.76,1.34,A股,1,1,1,1,1,31.39,10.09,0.00,-,5.28亿|2024年报,4.00亿|2023年报,135.23|2025半年报,3.81亿|2025三季报,3.83亿|2025三季报,0.340,25.90,25.39,0.69,1.29,277.51万,7116.27万,6.84,3.0095,104.20亿,104.20亿
391,003021,兆威机电,SZ,101.08,1.46,A股,1,1,1,1,1,31.35,14.84,0.00,1.59亿|2025年报,1.24亿|2024年报,1.96亿|2023年报,161.43|2025年报,2.54亿|2025年报,2.54亿|2025年报,1.450,101.13,99.58,1.41,1.00,292.90万,2.94亿,26.58,7.7626,270.37亿,209.54亿
392,920247,华密新材,BJ,20.22,1.86,A股,1,1,1,1,1,31.32,10.83,0.00,1398.16万|2025年报,1769.60万|2024年报,-1196.67万|2023年报,380.10|2025年报,4346.19万|2025年报,4424.68万|2025年报,0.370,20.30,20.00,1.08,1.01,123.99万,2498.16万,18.32,6.6412,31.86亿,23.11亿
393,000975,山金国际,SZ,30.40,-0.98,A股,1,1,1,1,1,31.26,18.78,0.00,46.80亿|2025年报,38.71亿|2024年报,21.80亿|2023年报,176.92|2025年报,29.72亿|2025年报,32.68亿|2025年报,-0.300,31.57,30.00,0.94,0.65,2384.07万,7.26亿,7.10,5.6584,844.12亿,768.34亿
394,301077,星华新材,SZ,27.15,0.82,A股,2,2,1,1,1,31.23,16.51,0.00,1.78亿|2025年报,1.92亿|2024年报,9727.50万|2023年报,153.92|2025年报,1.30亿|2025年报,1.30亿|2025年报,0.220,27.45,26.78,1.43,0.76,136.37万,3693.73万,8.90,3.9582,46.18亿,25.90亿
395,688268,华特气体,SH,100.85,2.94,A股,1,1,1,1,1,31.11,11.23,0.00,2.61亿|2025年报,2.94亿|2024年报,1.70亿|2023年报,197.43|2025年报,1.35亿|2025年报,1.28亿|2025年报,2.880,102.90,96.00,8.89,0.82,1066.57万,10.70亿,22.35,6.5421,121.02亿,120.93亿
396,600377,宁沪高速,SH,11.55,0.35,A股,1,1,1,1,1,31.10,25.46,0.00,67.62亿|2025年报,63.16亿|2024年报,73.92亿|2023年报,292.26|2025年报,45.94亿|2025年报,48.21亿|2025年报,0.040,11.55,11.49,0.13,0.57,492.31万,5672.79万,3.17,1.4040,581.86亿,439.15亿
397,600529,山东药玻,SH,18.40,0.16,A股,2,2,1,1,1,31.02,16.46,0.00,5.77亿|2025年报,11.65亿|2024年报,10.48亿|2023年报,58.69|2025年报,6.90亿|2025年报,6.90亿|2025年报,0.030,18.44,18.28,0.51,0.87,336.52万,6174.73万,4.43,1.4721,122.10亿,122.10亿
398,601890,亚星锚链,SH,10.48,0.58,A股,1,1,1,1,1,31.00,13.33,0.00,-,1.63亿|2024年报,2.48亿|2023年报,116.13|2025半年报,2.11亿|2025三季报,2.19亿|2025三季报,0.060,10.57,10.33,2.49,0.94,2385.93万,2.48亿,11.90,2.7153,100.55亿,100.55亿
399,601698,中国卫通,SH,33.90,3.64,A股,1,1,1,1,1,30.95,20.61,0.00,13.67亿|2025年报,18.28亿|2024年报,17.93亿|2023年报,89.61|2025年报,4.41亿|2025年报,5.30亿|2025年报,1.190,33.90,32.63,1.39,1.73,5892.35万,19.64亿,81.14,8.9572,1432.07亿,1432.07亿
400,603659,璞泰来,SH,35.16,1.53,A股,1,1,1,1,1,30.68,13.60,0.00,26.97亿|2025年报,23.72亿|2024年报,11.18亿|2023年报,136.78|2025年报,23.59亿|2025年报,26.05亿|2025年报,0.530,35.18,34.04,3.09,0.99,6610.55万,23.00亿,7.96,3.7653,751.16亿,751.16亿
401,601107,四川成渝,SH,5.76,1.05,A股,1,1,1,1,1,30.61,14.46,0.00,33.19亿|2025年报,36.96亿|2024年报,32.30亿|2023年报,187.67|2025年报,15.13亿|2025年报,15.44亿|2025年报,0.060,5.78,5.68,0.69,0.72,1498.73万,8583.70万,2.91,1.0393,176.14亿,124.57亿
402,603127,昭衍新药,SH,38.38,5.61,A股,1,1,1,1,1,30.59,12.63,0.00,4.45亿|2025年报,3.39亿|2024年报,6.23亿|2023年报,87.78|2025年报,2.98亿|2025年报,2.98亿|2025年报,2.040,38.38,36.00,6.36,1.00,4009.38万,14.87亿,24.14,3.4547,287.60亿,241.93亿
403,002827,高争民爆,SZ,32.05,-0.06,A股,2,2,1,1,1,30.57,10.24,0.00,1.98亿|2025年报,27.66万|2024年报,5319.90万|2023年报,92.42|2025年报,1.98亿|2025年报,2.30亿|2025年报,-0.020,32.33,31.80,0.88,0.92,241.54万,7723.43万,11.21,8.3224,88.79亿,88.46亿
404,002606,大连电瓷,SZ,11.61,0.43,A股,1,2,1,1,1,30.42,10.05,0.00,-,-8334.48万|2024年报,2.04亿|2023年报,132.50|2025半年报,1.15亿|2025三季报,1.16亿|2025三季报,0.050,11.74,11.46,3.20,0.67,1346.65万,1.56亿,11.05,2.8017,50.98亿,48.89亿
405,603757,大元泵业,SH,56.07,0.32,A股,1,2,2,1,1,30.41,14.03,0.00,-,3.09亿|2024年报,3.31亿|2023年报,275.01|2025半年报,1.40亿|2025三季报,1.36亿|2025三季报,0.180,57.51,55.02,11.37,0.87,2120.11万,11.89亿,18.67,4.9557,104.60亿,104.60亿
406,603279,景津装备,SH,18.20,-0.38,A股,1,2,1,1,1,30.40,14.98,0.00,-,10.41亿|2024年报,2.68亿|2023年报,60.67|2025半年报,4.35亿|2025三季报,4.35亿|2025三季报,-0.070,18.38,17.99,1.13,0.60,652.26万,1.19亿,6.02,2.3667,104.90亿,104.90亿
407,301028,鼎熔岩,SZ,14.75,1.72,A股,1,2,1,1,2,30.39,18.03,0.00,-,2.29亿|2024年报,2.76亿|2023年报,513.96|2025半年报,1.92亿|2025三季报,1.92亿|2025三季报,0.250,14.82,14.51,1.31,1.22,326.01万,4792.68万,7.38,3.5159,56.65亿,36.65亿
408,688425,铁建重工,SH,4.92,0.82,A股,1,1,1,1,1,30.38,15.22,0.00,11.01亿|2025年报,20.45亿|2024年报,7.04亿|2023年报,9.23|2025年报,14.83亿|2025年报,14.83亿|2025年报,0.040,4.92,4.87,0.33,0.70,1763.66万,8631.76万,4.42,1.4116,262.41亿,262.41亿
409,301211,亨迪药业,SZ,12.06,0.17,A股,2,1,1,1,1,30.37,18.27,0.00,755.08万|2025年报,9607.32万|2024年报,1.37亿|2023年报,119.86|2025年报,3491.06万|2025年报,3491.06万|2025年报,0.020,12.12,11.88,0.85,0.76,354.30万,4243.69万,36.07,2.2155,50.36亿,50.36亿
410,301196,唯科科技,SZ,115.77,4.72,A股,1,2,1,1,1,30.31,12.78,0.00,-,3.20亿|2024年报,1.57亿|2023年报,130.92|2025半年报,2.22亿|2025三季报,2.33亿|2025三季报,5.220,117.70,110.79,7.83,0.98,641.77万,7.38亿,16.32,4.4832,145.08亿,94.89亿
411,603638,艾迪精密,SH,20.34,1.04,A股,1,2,1,1,1,30.08,12.54,0.00,-,1.55亿|2024年报,1161.10万|2023年报,194.48|2025半年报,3.16亿|2025三季报,3.21亿|2025三季报,0.210,20.37,20.14,0.43,0.83,358.97万,7268.08万,13.37,4.9138,169.04亿,169.04亿
